Air Quality Station EoI Code,Longitude,Latitude
DEBB045,14.5386,52.3373
DEBB054,13.0375,52.3939
DEBB032,14.6382,52.1463
DEBB086,13.4243,52.3497
DEBB099,13.8483,52.4819
DEBB110,13.0488,52.5395
DEBE065,13.4699,52.5141
DEBB087,14.3255,51.7541
DEBW019,9.979,48.3968
DEBW080,8.3872,49.008
DEBE061,13.3183,52.4636
DEBW098,8.472,49.4926
DEBW022,7.8023,48.5782
DEBW033,8.6655,48.889
DEBW122,7.8599,47.9882
DEBW125,8.5263,49.0037
DEBB112,13.6212,52.324
DEBW147,9.2108,48.4893
DEBW029,10.0963,48.8479
DEBW152,9.2259,49.146
DEBW156,8.3906,48.2291
DEBY001,10.5723,49.3049
DEBB088,12.3702,52.524
DEBY028,11.8792,48.9095
DEBY021,11.4288,48.7694
DEBY035,9.6889,47.5575
DEBY063,12.1016,49.0152
DEBE034,13.4308,52.4895
DEBY037,11.5649,48.1373
DEBY014,10.9593,50.2606
DEBW099,9.1807,48.7831
DEBY006,10.895,48.3646
DEHB001,8.8158,53.0772
DEBY009,10.8877,49.8983
DEBY012,12.8293,48.1772
DEHB006,8.8252,53.0787
DEHB012,8.7351,53.1317
DEHB014,8.7756,53.0994
DEHE001,8.6646,49.8723
DEBY110,10.8962,48.3702
DEBY120,11.0361,49.4405
DEBY088,12.5382,48.0217
DEBY119,9.9477,49.7905
DEBY099,10.9031,48.326
DEBY043,11.5147,48.179
DEBY111,11.5701,49.9436
DEBY115,11.5365,48.1496
DEHE018,8.4515,50.0103
DEBY068,10.2321,50.0484
DEBY039,11.5547,48.1545
DEBY056,10.9847,49.4722
DEHE041,8.6919,50.1246
DEHB005,8.5694,53.5625
DEBY198,11.4346,48.7426
DEHH033,9.998,53.6383
DEBY200,13.4694,48.5766
DEBY075,12.1594,49.679
DEHH068,10.0539,53.5923
DEHB013,8.6951,53.1177
DEHE061,8.6686,50.5841
DEHE062,8.7705,50.8072
DEHE040,8.6538,49.8695
DEBY053,11.0884,49.4459
DEHE116,8.7849,50.1015
DEBY032,11.4426,50.1031
DEHE131,8.0599,50.3864
DEHE135,8.5763,50.0755
DEHE159,8.6349,50.173
DEHE037,8.2303,50.0772
DEHE059,9.6849,50.55
DEBY118,13.422,48.5736
DEHE063,8.642,49.6432
DEHE042,8.6844,50.533
DEHH059,9.9906,53.5079
DEHE049,9.4911,51.3121
DEHE160,8.5659,49.965
DEBY067,12.1281,49.322
DEHH064,9.9446,53.5644
DENI048,9.7155,52.3595
DEHE094,8.8322,49.8278
DENI067,8.0415,52.2703
DENI070,10.4559,52.1537
DEMV022,12.0996,54.0926
DEHH026,9.9572,53.5606
DEMV023,11.3983,53.6318
DEMV004,12.0647,53.8178
DEHE150,8.5945,50.1135
DEMV058,13.2679,53.5588
DEHH070,9.943,53.5557
DENI075,10.5406,52.2667
DEMV025,13.081,54.3192
DEHH080,9.9879,53.5474
DENI066,9.9502,52.1508
DEMV059,11.3979,53.6305
DENI071,10.4228,51.6137
DENI157,10.7937,52.4279
DENI068,9.9283,51.5302
DENI143,8.2121,53.1428
DERP003,8.4259,49.4555
DERP007,8.2168,50.0176
DERP010,8.2611,50.001
DERP011,8.2658,50.0099
DERP012,8.2689,49.9991
DERP020,6.6467,49.7542
DERP021,7.4814,50.4247
DERP022,7.8662,49.8412
DERP023,8.3648,49.6288
DENI076,8.2175,53.1518
DERP009,8.274,49.995
DERP001,8.4023,49.515
DERP041,8.4439,49.4785
DESL017,6.8677,49.2543
DESL003,6.7335,49.3579
DERP002,8.4386,49.4823
DERP019,7.7673,49.446
DERP024,7.5966,50.3544
DESL020,7.0032,49.2307
DERP025,8.2535,49.0523
DESL012,6.9876,49.2335
DEST103,11.6327,52.1208
DEST105,11.8503,52.6021
DEST075,11.9834,51.4752
DEST108,11.961,51.1972
DETH072,10.6931,50.6115
DEST011,10.7901,51.8394
DEUB004,7.904,47.9129
DEST092,12.5983,51.8675
DEST015,12.3029,51.6512
DEUB030,13.0323,53.1423
DEST076,11.6234,52.132
DEUB044,10.9807,47.4144
DEST133,11.9839,51.4758
DETH020,11.0379,50.9795
DETH094,10.4658,51.2085
DENW058,6.8738,50.8762
DEST077,11.6115,52.1279
DETH025,10.4149,50.5715
DENW098,7.6184,51.9748
DENW100,6.4589,51.17
DENW060,6.9677,50.8266
DESN036,13.9357,50.959
DESH019,10.1156,54.3264
DESH022,9.4381,54.7814
DESH024,9.9808,54.0724
DESH026,10.691,53.8729
DEBB044,14.328,51.7566
DEST080,11.983,51.3873
DESN017,13.3468,50.9163
DEST097,11.5119,51.6259
DESL013,6.7536,49.3226
DETH039,11.3232,50.9794
DESN061,13.7414,51.0649
DETH043,11.0194,50.9849
DETH009,12.0749,50.8779
DESN047,12.493,50.72
DEST029,11.739,51.8035
DETH018,10.7914,51.4972
DESN001,12.9973,50.5709
DESN050,14.2543,51.4369
DENW094,6.0938,50.7547
DESN051,13.675,51.1195
DENW099,6.0959,50.7748
DENW053,6.8846,51.0193
DETH024,10.917,50.685
DENW050,6.8041,51.1035
DENW021,6.9769,51.526
DENW080,7.0526,51.1838
DENW023,7.2239,51.5276
DESH010,10.675,53.8667
DENW096,6.4256,51.1546
DEST031,12.0616,51.296
DETH041,11.5971,50.9335
DESN006,12.4931,51.125
DEST030,12.2514,51.8434
DEST002,11.8648,52.2684
DESH025,9.5118,53.928
DENW082,6.7825,51.2132
DENW040,6.763,51.3853
DENW113,7.3032,51.5806
DENW133,7.4636,51.3628
DENW042,6.6402,51.3377
DETH036,12.2052,50.6559
DENW043,7.0305,51.4512
DENW059,6.9851,50.8899
DESN014,13.7299,51.0512
DESN011,12.9173,50.8325
DENW101,7.4643,51.5196
DENW115,6.5574,51.3076
DEST044,11.0574,51.897
DENW071,6.7324,51.2492
DEST072,12.0045,51.4853
DEST073,12.2419,51.831
DESN060,12.9305,50.8464
DENW066,6.1958,51.3269
DENW068,8.148,51.5707
DENW056,6.9888,50.9693
DEST022,11.9784,51.4832
DEST014,12.3217,51.623
DEST068,12.3891,51.6294
DESN019,12.5421,50.826
DESN002,12.7023,50.5878
DENW072,6.8012,51.2507
DEST069,11.1739,52.8552
DEST070,11.1478,51.6572
DENW078,6.8199,51.3034
DESH027,10.1352,54.3047
DETH075,11.5786,50.9248
DENW067,8.5484,52.0232
DESN012,12.3376,51.5302
DENI074,9.367,52.104
DEST052,11.5114,51.6422
DEST071,11.3004,51.4784
DENW002,7.3314,51.6414
DESN005,12.3848,51.2003
DENW112,6.7719,51.4377
DESN025,12.3772,51.3442
DENW079,7.005,51.0289
DESN004,14.4438,51.1757
DESN075,12.1381,50.4861
DEST057,11.6426,52.1034
DENW024,6.981,51.4965
DENW143,6.551,50.9359
DEST090,12.0321,51.3214
DENW026,7.0928,51.4556
DEST074,11.9725,51.4378
DENW036,6.6482,51.4595
DESN034,13.3373,50.6616
DENW095,7.6116,51.9365
DENW034,6.7484,51.524
DEST066,12.6637,51.8709
DEST089,11.1723,52.5931
DESN059,12.2974,51.3179
DESN045,14.8228,50.8924
DETH031,10.6932,50.6115
DENW028,6.966,51.4065
DENW081,6.8745,51.862
DENW046,6.8556,51.2329
DENW077,7.4761,51.3609
DENW047,6.6939,51.1826
DEST028,12.1413,51.0546
DESN024,12.4687,50.3548
DEBE044,13.4089,52.5168
DEBW073,7.568,47.819
DEBW083,7.8549,47.9997
DEBE064,13.434,52.4817
DEBE066,13.5295,52.4853
DEBE067,13.333,52.5066
DEBE068,13.4188,52.5136
DEBE027,13.3681,52.3984
DEBE033,13.2599,52.5325
DEBW001,8.4184,49.0101
DEBW096,9.9801,48.393
DEBW006,8.478,49.4758
DEBW007,8.5258,49.432
DEBW038,9.4857,47.6601
DEBW009,8.6767,49.4195
DEBW039,8.4636,48.0487
DEBY052,10.0083,48.3971
DEBW026,9.4145,48.7087
DEBB030,12.3418,52.5316
DEBW034,9.3008,48.8321
DEBW042,9.2278,48.6781
DEBW035,9.0139,48.6911
DEBY061,13.4564,48.5722
DEBW041,7.7891,47.5631
DEBW016,9.2278,49.1991
DEBY077,9.9564,49.8047
DEBW047,8.7412,48.71
DEHE050,9.2712,51.3608
DEBW050,10.1563,48.6638
DEBY003,9.1508,49.9715
DEBB055,12.5523,52.4204
DEBW048,9.7225,48.2784
DENI028,10.2385,51.5076
DEBW049,7.8489,48.1191
DENI036,8.4755,53.4943
DENI038,8.0529,52.2553
DEBY020,11.8975,50.3206
DEBW024,9.1728,48.8992
DEBW025,9.334,48.7274
DEBB024,13.9995,51.5208
DENI054,9.7061,52.3629
DEBE010,13.3493,52.543
DEHE010,8.67,50.5876
DEBW053,9.693,49.2797
DEHH015,10.0212,53.5233
DEBY027,9.0067,50.0687
DEBW056,9.7332,49.1079
DEBB026,14.3757,51.559
DEBB029,14.2851,53.0643
DEBB006,14.3228,51.7408
DEBE026,13.2755,52.4092
DEBE032,13.2251,52.4732
DEBE011,13.396,52.5509
DEHE014,9.481,51.3401
DEBY089,11.648,48.1732
DEBY114,11.5923,48.1427
DEBE063,13.4417,52.4675
DEBW054,8.6199,48.1697
DEHH048,9.9427,53.5555
DEBE015,13.3391,52.519
DEBW065,9.6084,47.777
DEBE018,13.3488,52.4858
DEBW076,8.2202,48.7731
DEBW008,8.6559,49.5533
DEBW010,8.7001,49.3007
DEBW014,9.2655,48.7523
DEBW040,8.2231,47.618
DEHE005,8.5425,50.1018
DEBY033,12.1571,48.5398
DEBY031,10.3066,47.7251
DENI008,10.5246,52.2633
DEBB021,13.0599,52.4014
DEBW072,8.5828,49.1232
DEBW060,8.8077,47.9857
DENI016,10.4813,51.9016
DENI020,10.8164,52.4408
DEHE019,8.5788,49.5461
DEHE020,8.5006,50.5672
DEBW021,7.8271,48.5621
DENI042,9.9498,51.5511
DENI052,9.623,52.8294
DEBW011,9.1725,48.8256
DEHE011,8.9216,50.1358
DEHE013,9.4834,51.3142
DEBW046,9.8003,48.0899
DEBB031,13.6278,52.2923
DEBW109,8.3227,49.0367
DEBW110,9.2371,47.9324
DEBY040,11.4656,48.1464
DENI073,10.0865,52.6247
DEBY038,11.6138,48.1524
DEBW106,9.0133,48.785
DEBW012,9.1648,48.7759
DEBY055,11.0491,49.4347
DEBW112,8.9044,48.6456
DEHE036,8.7003,50.124
DEHE044,8.061,50.3832
DEBY045,11.5194,48.1316
DEBB003,12.5444,52.4121
DENW006,7.5698,51.5922
DEBW023,7.6333,47.5882
DEBW059,9.6579,49.6348
DEBW015,9.2248,49.1655
DEBB064,14.3345,51.7468
DEMV002,12.1014,54.0939
DEMV003,13.2664,53.5598
DEHH058,9.9483,53.5605
DEBE062,13.2961,52.6533
DEHH069,10.0035,53.6007
DEBW037,8.4128,48.4721
DEHH075,10.1221,53.5188
DENW012,7.3584,51.4443
DENW013,7.5828,51.4477
DEBW002,8.3538,49.0091
DEBW020,8.2258,48.8537
DEBW027,9.2073,48.4889
DEBW103,8.754,49.4645
DEHE022,8.245,50.0503
DEBW105,7.7467,48.1937
DENW022,7.1019,51.5336
DEBW052,9.1693,47.6644
DEBY015,11.0173,49.5966
DEHE058,9.6822,50.5493
DEBE005,13.2881,52.587
DEHE017,8.7612,50.1022
DEBW028,9.6694,48.6992
DEBW057,9.207,48.0865
DEHE021,8.2431,50.0814
DEMV005,11.4089,53.6377
DEMV018,10.9298,53.5437
DEBE016,13.4045,52.4976
DEBW102,9.7544,47.9156
DEBY085,11.5172,48.1131
DEHH065,9.968,53.5836
DEHH071,10.1218,53.5191
DEBE014,13.2822,52.5174
DENI022,10.2463,52.3225
DEBW032,8.7051,48.8906
DEBW044,9.1514,49.3638
DEBY007,10.8884,48.3766
DEBW036,9.0585,48.5244
DEBW094,10.0347,47.6935
DEBB008,13.7101,51.6365
DEBB018,13.2462,52.7567
DEBW104,7.8105,48.068
DEBW107,9.0512,48.5077
DENI011,10.4736,52.2269
DEBW108,8.3227,49.0369
DEHB004,8.6255,53.1809
DENW038,6.8651,51.4535
DENW039,6.6535,51.3888
DEBY029,11.8744,48.9246
DEHE031,9.6985,50.5536
DENW011,7.498,51.4916
DEMV007,12.1741,54.1616
DEHH060,9.9819,53.5864
DEHH061,10.0354,53.5648
DENW004,7.3487,51.5932
DEHE045,9.002,49.6725
DEHE006,8.687,50.1179
DENW015,7.1227,51.699
DEBW087,9.2076,48.3458
DEBW097,7.8528,47.9983
DEHH052,9.9795,53.5689
DEHE060,9.0318,51.1548
DENW037,6.7875,51.4649
DENI001,9.7415,52.385
DENI017,10.4843,51.9148
DEBE057,13.5264,52.4821
DEHE035,9.4806,51.2989
DEHH020,10.0205,53.4909
DENW097,7.1838,51.2651
DENW008,7.4574,51.5369
DEBY046,11.5287,48.0981
DEST091,12.2448,51.8406
DENW025,6.9663,51.4585
DENI031,8.0906,53.5962
DENW044,6.7439,51.3181
DEBW045,8.8545,48.2748
DEBW100,9.1133,48.7301
DESN020,14.974,51.1558
DENW174,7.333,51.4343
DEST005,11.6421,52.1379
DEBB037,13.7923,52.4681
DERP006,8.4512,49.4757
DENW055,6.8789,50.9549
DEHH002,9.9611,53.5992
DENW009,7.5927,51.5242
DENW048,6.8592,51.1888
DEBW111,7.9378,48.4766
DEHH056,10.0639,53.5601
DEST050,11.9791,51.4962
DENW102,6.7359,51.4858
DESH007,10.1231,54.3198
DEHH051,10.0021,53.55
DENW018,7.1255,51.6004
DEST061,11.7281,52.0209
DEHH007,9.8999,53.5611
DEHH009,10.0281,53.5591
DEST078,11.8182,51.1566
DENW051,6.9764,51.0909
DENW030,6.6297,51.6729
DESN028,12.3776,51.3187
DEST025,11.9889,51.3565
DEBW005,8.4653,49.5441
DEBW004,8.4067,49.0765
DEST032,12.1573,52.4077
DESN048,12.3983,50.51
DEBW031,7.7645,47.8099
DEBB081,13.849,52.4976
DEBB084,14.6671,52.1796
DEBW013,9.2297,48.8088
DEBB085,14.3835,51.5345
DEBW081,8.3556,49.0286
DEBW084,7.8321,48.0015
DEBY054,11.1058,49.4771
DEBW118,9.191,48.7881
DEBY010,11.5758,49.9471
DEBY076,9.9359,49.7946
DEHB007,8.783,53.0667
DEBY116,11.0013,49.6026
DEHH008,9.9679,53.5641
DEMV006,13.0667,54.3067
DEHH078,9.9656,53.551
DENI072,10.0088,52.4465
DERP008,8.2546,50.0104
DERP018,8.435,49.3188
DESL010,6.9488,49.2442
DEST081,11.9744,51.2017
DEST063,11.8644,52.5985
DETH081,11.0104,50.9723
DEBY109,11.2202,47.9688
DEBY113,10.9635,49.6059
DEBY072,12.5489,49.4385
DEHB002,8.917,53.06
DEHB011,8.5988,53.5853
DEHE024,9.7746,51.2918
DEHE030,8.7693,50.8043
DEBY196,11.0572,47.4771
DEHE032,9.8003,50.97
DEBY121,12.1883,47.6485
DEBY079,12.8912,47.7334
DEBY189,11.4644,48.1817
DEHE028,8.8173,49.6535
DEBY187,10.5977,48.9522
DEBY188,11.0279,49.3227
DEBY123,11.0623,47.4832
DEBY124,10.325,49.4441
DEBY122,10.4366,47.5411
DEHE008,8.7463,50.1253
DEBY199,10.6254,49.5785
DEHE043,8.5168,49.8252
DEHE026,9.3994,50.1644
DEHE039,9.4594,50.7704
DEHE052,8.4461,50.2219
DEHE046,8.9282,51.4309
DEHE134,9.6802,50.5464
DEHE112,8.2289,50.0721
DEHE114,8.4619,49.602
DEHE136,8.6872,50.1124
DEHE051,9.9359,50.4977
DEHE137,8.6711,50.5853
DEHE144,8.6842,50.1094
DEHE146,8.6628,50.1043
DEHE098,8.0539,50.3845
DEHE101,8.0704,50.3831
DEHE099,8.0596,50.3862
DEHE100,8.0591,50.3876
DEHE102,8.7847,50.1014
DEHE105,8.4917,50.5751
DEHE103,8.776,50.1024
DEHE111,8.4244,49.9956
DEHE104,8.7728,50.1071
DEHH016,10.0817,53.529
DEHE132,8.6532,49.8694
DEHE133,8.6231,49.6827
DEHE162,8.6829,50.0814
DEHE169,8.0638,50.3872
DEHE138,8.6484,49.8654
DEHE140,8.7386,50.1314
DEHE142,8.77,50.8071
DEHE143,9.2704,50.7528
DEHE145,8.7326,50.1323
DEHE153,8.0981,50.1084
DEHE157,8.5497,50.1028
DEHE130,8.6555,49.8697
DEHH021,10.0836,53.4877
DEHE139,8.7307,50.1304
DEHE141,8.6825,50.1105
DEHE151,8.6735,50.1156
DEHE154,8.5372,50.1117
DEHE156,8.5397,50.1114
DEHE158,8.6639,50.1106
DEHH050,9.8572,53.4809
DEHE167,8.6951,50.0468
DEHE168,8.0664,50.3865
DEHE115,9.0422,49.8332
DEHH079,9.9448,53.5453
DEHH047,10.1106,53.6307
DEHH081,9.9816,53.5292
DEHH049,9.7862,53.5681
DEMV012,14.2574,53.5205
DEMV019,12.1755,53.7818
DEHH074,10.1028,53.5385
DEHH073,9.8327,53.5321
DEHH072,9.8441,53.536
DEHE113,8.4696,49.5931
DEMV017,11.3733,53.3074
DEHE163,8.7713,50.8173
DEMV026,13.3421,54.3235
DEMV021,12.08,54.1713
DEHE166,8.6952,50.0488
DEMV024,12.4639,53.3963
DEHE155,8.5353,50.1136
DEMV031,12.0979,54.1773
DEHE152,9.2718,50.7529
DEMV020,12.142,54.0923
DEMV027,13.7793,54.0532
DEMV060,13.2682,53.5461
DEHH083,10.1164,53.6828
DEHE165,8.6952,50.0512
DENI029,7.2073,53.3623
DENI043,7.3175,52.4986
DENI051,10.6125,51.7582
DENI058,7.214,53.7153
DENI053,7.9426,52.998
DEMV028,11.476,53.9023
DENI041,9.0626,52.1702
DENI059,8.8012,53.8302
DENI060,11.1671,52.957
DENI061,9.9503,52.1556
DENI062,10.4565,53.247
DENI063,9.685,53.5242
DEHH082,9.9614,53.6222
DENI077,9.5546,51.7088
DENI160,10.5,52.2705
DENI175,9.7154,52.3602
DENI176,9.7195,52.3488
DENI178,9.7551,52.3702
DENI152,9.7544,52.37
DENI153,9.7348,52.3927
DENW010,7.6938,51.5475
DENI146,8.047,52.2722
DENI172,8.1733,53.1374
DENI149,9.7123,52.3608
DENI174,9.7123,52.3608
DENI150,9.719,52.3476
DENI151,9.7385,52.3769
DENI158,10.7859,52.424
DENI179,8.212,53.1428
DENI180,8.047,52.2722
DENW029,7.2086,51.403
DENW064,6.281,50.6532
DENW065,8.1919,50.9303
DENW062,7.0827,50.7536
DENI181,9.7194,52.3485
DENW116,6.6702,51.3426
DENW134,7.0053,51.4779
DENW136,7.4836,51.5235
DENW165,6.41,51.1824
DENW171,7.0472,51.4574
DENW172,6.6925,51.194
DENW175,7.0971,50.7226
DENW176,7.0875,50.737
DENW137,7.4539,51.3549
DENW114,7.2319,51.2776
DENW148,6.9779,50.9383
DENW182,6.5822,50.9271
DENW151,6.9479,50.9356
DENI159,10.7878,52.4164
DENW206,7.0841,51.1762
DENW195,7.8097,51.6893
DENW207,6.0958,50.7731
DENW210,8.3347,51.6117
DENW158,8.7471,51.7188
DENW188,6.8636,51.4749
DENW161,7.0043,51.4402
DENW162,7.0012,51.3881
DENW178,6.0973,50.7747
DENW179,7.5823,51.4488
DENW166,7.182,51.178
DENW181,8.3608,51.443
DENW212,6.9577,50.9473
DENW216,6.7764,51.2025
DENW219,6.8353,50.9381
DENW228,8.5223,52.026
DENW157,8.7441,51.7146
DENW239,7.3373,51.4382
DENI173,8.2022,53.1385
DENW189,7.1474,51.2607
DENW169,7.0055,51.4785
DENW203,7.1501,51.5432
DENW185,7.481,51.5006
DENW186,8.5216,52.0262
DENW200,8.5528,52.0056
DENW187,6.896,51.4411
DENW247,6.9656,51.4068
DENW211,7.0046,50.9628
DENW213,7.2858,50.9328
DENW184,7.5025,51.504
DENW251,6.5747,51.3179
DENW253,6.7119,51.4115
DENW267,6.8899,50.8798
DENW215,6.9761,51.4432
DENW208,7.0846,51.5279
DENW299,6.9977,51.5699
DENW209,6.864,51.475
DENW201,6.9243,51.5193
DENW272,8.0261,50.8708
DENW276,6.9806,51.4896
DENW277,7.0803,51.4656
DENW289,6.685,51.2024
DENW290,6.6935,51.2008
DENW249,6.8576,50.9316
DENW262,6.7419,51.5623
DENW266,6.4946,50.8042
DENW252,6.554,51.3404
DENW269,7.6314,51.9633
DENW329,6.4515,51.0338
DENW275,6.7434,51.564
DENW358,7.0475,50.9704
DENW360,8.0208,50.8757
DENW225,7.3443,51.3206
DENW361,8.534,52.024
DENW363,8.7118,51.7437
DENW364,6.9244,51.5192
DENW331,7.2104,51.5112
DENW365,7.5635,51.4467
DENW259,6.4399,51.1694
DENW268,7.6135,51.9683
DENW303,7.071,50.9783
DENW305,6.8634,51.3681
DENW222,8.361,52.0615
DENW232,6.9692,51.12
DENW255,7.3959,51.3395
DENW338,6.7354,51.4855
DENW260,7.6194,51.9533
DENW355,7.0109,51.0315
DENW296,7.2133,51.5772
DENW297,6.9248,50.859
DENW288,6.8335,50.9367
DENW230,7.7502,51.6107
DENW336,6.9325,50.9202
DENW294,6.1605,51.8724
DENW337,6.4695,51.0976
DENW291,6.9788,51.25
DENW281,7.4773,51.3604
DENW339,6.7595,51.1844
DENW293,6.7405,51.5647
DENW330,6.7538,51.2695
DENW332,7.0557,50.8837
DENW353,6.8995,50.9952
DENW354,6.7614,51.2005
DENW335,6.6416,51.2671
DENW334,7.6627,51.5887
DENW250,6.8503,50.931
DENW279,7.2015,51.6135
DENW376,6.764,51.4315
DENW417,6.9183,50.9546
DENW420,6.7713,51.2002
DENW421,6.7693,51.2524
DENW377,6.7813,51.4667
DENW371,6.1231,50.7944
DENW423,6.7583,51.4191
DENW287,6.2642,50.8206
DENW427,7.0093,51.4856
DENW430,6.7764,51.2026
DENW381,6.7041,51.2196
DENW379,7.048,51.4577
DENW382,6.7275,51.4607
DENW356,7.6431,51.2276
DENW369,7.1502,51.543
DENW370,6.7615,51.2005
DENW373,7.002,51.3877
DENW368,6.6986,51.2274
DENW416,6.6876,51.4496
DENW418,6.7051,51.421
DENW404,7.4739,51.3548
DENW405,6.6551,51.6735
DENW422,6.9017,50.937
DENW407,7.212,51.5001
DENW408,7.4556,51.524
DENW412,8.54,52.0255
DENW413,8.5306,52.0161
DENW340,6.8332,51.2408
DENW351,7.0604,51.5243
DENW399,6.9943,51.4458
DENW401,6.9377,50.9256
DENW409,7.4741,51.5056
DENW415,6.8425,51.4784
DENW393,6.7789,51.2333
DENW403,7.4625,51.3651
DENW383,8.5341,52.0242
DENW410,7.4671,51.5044
DENW367,6.991,51.5681
DERP014,7.1934,49.7409
DERP013,7.2935,49.4231
DENW280,7.3441,51.3205
DENW385,6.8364,51.2002
DENW362,6.7611,51.2003
DENW406,7.1906,51.4945
DENW431,6.7443,51.2774
DERP015,6.3781,50.2665
DENW419,6.7801,51.2156
DERP016,7.9735,50.7668
DENW278,6.9978,51.5697
DENW411,7.4796,51.5241
DENW333,7.1012,50.8589
DENW414,8.5246,52.0235
DENW248,7.195,51.6126
DENW429,8.5342,52.0242
DENW292,7.5636,51.4466
DERP017,7.8264,49.2703
DENW400,6.9421,50.9358
DERP028,7.7299,50.4243
DERP026,8.3553,49.5333
DENW342,8.0238,50.8755
DERP046,7.4607,50.4314
DERP047,6.6903,49.784
DESH008,10.2406,54.0932
DERP036,6.637,49.7501
DERP052,7.2262,50.3302
DERP053,8.423,49.3511
DERP060,7.6146,49.192
DERP105,8.3005,49.0376
DERP106,7.6121,50.3605
DERP107,8.2796,49.9956
DERP063,7.6003,50.3505
DERP066,7.5985,50.3601
DERP068,7.593,50.3521
DERP069,7.5972,50.351
DERP070,7.5667,50.3692
DERP073,8.4443,49.4787
DERP074,8.4423,49.4798
DERP075,8.4296,49.3277
DERP082,8.262,50.0003
DERP083,8.2629,50.0007
DERP085,8.2657,50.0018
DERP087,8.2674,50.0074
DERP088,8.2688,50.0044
DERP090,8.2649,50.0119
DERP091,8.2668,50.012
DERP100,8.257,50.0143
DERP103,8.2926,49.0396
DERP104,8.2998,49.0398
DERP071,7.5177,50.3701
DERP072,8.4447,49.4781
DERP081,8.2602,50.0043
DERP084,8.2645,50.0027
DERP086,8.2672,50.0027
DERP092,8.2698,50.0086
DERP094,8.2791,49.998
DERP095,8.2696,50.0085
DERP102,8.2753,50.0021
DERP108,7.6058,50.3647
DERP045,7.5922,50.3594
DERP042,7.6031,49.1999
DERP065,7.5984,50.3627
DERP079,8.2681,50.009
DERP080,8.2613,50.0065
DESH055,10.6649,53.8745
DERP098,8.2658,49.9915
DERP101,8.2777,49.998
DERP096,8.282,49.9934
DERP097,8.2749,49.995
DERP109,7.6105,50.3638
DERP099,8.2652,49.9999
DESH023,10.6959,53.8355
DESH028,10.7758,53.6989
DESH030,9.9973,53.682
DESH035,9.1569,53.8961
DENW374,7.1864,51.5609
DESH058,10.5405,53.3823
DESH052,10.1224,54.3042
DESH053,10.6733,53.8622
DESH060,9.6683,54.3012
DESH056,9.3637,54.6167
DERP035,7.7613,49.4417
DESH033,10.1166,54.3097
DENW384,7.1975,51.4916
DENW428,6.7078,51.4396
DESH034,9.8052,53.6596
DESH059,9.6568,53.7545
DESL011,7.0363,49.2372
DERP089,8.271,50.006
DESH057,10.1056,54.3476
DEBB048,12.8095,52.9319
DEBB060,13.8222,52.8325
DEBB063,11.7385,52.9988
DEBB007,13.5268,51.4627
DEBB068,13.5823,52.6777
DEBB073,13.0946,52.3889
DEBB049,12.5486,52.4094
DEBB053,14.0152,52.5639
DEBB042,14.5319,52.34
DEBB065,12.5614,52.1942
DEBB083,14.3764,51.5645
DEBB067,12.8853,52.6085
DEBE051,13.4831,52.6442
DEBE082,13.3913,52.5104
DEBE083,13.3086,52.5065
DEBE084,13.3474,52.4813
DEBE089,13.3641,52.5014
DEBE090,13.512,52.4551
DEBE092,13.2818,52.5183
DEBE093,13.3287,52.5239
DEBE100,13.3891,52.5144
DEBE104,13.4651,52.4984
DEBE105,13.3844,52.531
DEBE108,13.3449,52.4372
DEBE112,13.3784,52.5223
DEBE115,13.4392,52.4814
DEBE116,13.3885,52.5184
DEBE118,13.3824,52.5098
DEBE120,13.334,52.4683
DEBE121,13.3871,52.4922
DEBE125,13.3824,52.5098
DEBB075,13.1237,52.4842
DEBB066,14.0569,51.8975
DEBE056,13.6471,52.4477
DEBB111,13.5225,51.4565
DEBE069,13.3877,52.4381
DEBE085,13.4322,52.4657
DEBE087,13.4599,52.5502
DEBE091,13.5066,52.5105
DEBE096,13.4351,52.5232
DEBE098,13.4443,52.4633
DEBE101,13.3849,52.5503
DEBE106,13.4167,52.5116
DEBE107,13.3018,52.509
DEBE110,13.3431,52.5272
DEBE111,13.3443,52.5315
DEBE123,13.2845,52.5081
DEBB082,13.6198,52.2946
DEBE086,13.4346,52.4842
DEBE095,13.3854,52.4652
DEBE102,13.1966,52.5311
DEBE103,13.3127,52.5702
DEBE119,13.3853,52.4474
DEBE122,13.3458,52.4982
DEBE124,13.4132,52.5408
DEBE097,13.4247,52.4874
DEBB092,14.526,52.3347
DEBE126,13.4297,52.4838
DEBB109,13.1749,52.0897
DEBW153,9.9873,48.4041
DEBB126,13.2405,52.7557
DEBE127,13.4412,52.4675
DEBE088,13.3284,52.5291
DEBE094,13.3225,52.4589
DEBE109,13.3448,52.4822
DEBE114,13.4548,52.4895
DEBW157,9.3787,48.6727
DEBE113,13.4134,52.5028
DEBE117,13.3998,52.5295
DEBW126,8.3693,49.0054
DEBW128,8.8443,48.9467
DEBW133,9.244,49.0551
DEBW219,9.437,48.945
DEBW220,9.3145,48.7416
DEBW135,8.8691,48.5948
DEBW136,9.058,48.5202
DEBW222,9.798,48.6367
DEBW223,9.1673,48.69
DEBW231,8.7105,49.2188
DEBW234,9.2012,49.1689
DEBW238,9.2171,49.1351
DEBW240,9.2285,49.1387
DEBW245,8.6953,48.8936
DEBW246,8.7056,48.8869
DEBW115,8.4624,49.4941
DEBW138,9.9835,48.3946
DEBW120,9.0165,48.801
DEBY058,11.0248,49.4622
DEBY030,11.9488,48.9042
DEBY004,9.1715,49.8694
DEBW127,7.855,48.0134
DEBW137,8.9794,48.5264
DEBW144,8.577,49.0276
DEBW148,9.184,48.9605
DEBW116,9.1845,48.7687
DEBY013,12.7814,48.1828
DEBW195,9.0314,48.8647
DEBW196,9.2776,48.8046
DEBW198,9.964,48.8228
DEBW213,8.838,48.2555
DEBW151,8.677,49.4072
DEBW228,9.613,47.785
DEBW237,9.2126,49.1365
DEBW241,9.1937,48.8982
DEBW242,9.2016,48.8078
DEBW243,9.2118,48.7836
DEBY049,11.7778,48.8532
DEBW121,9.2052,48.9593
DEBW117,9.19,48.8892
DEBW145,10.1507,48.6794
DEBW154,9.2043,48.938
DEBY005,9.118,49.9915
DEBW130,8.6959,48.888
DEBW134,9.2204,48.8038
DEBW155,9.7958,48.8024
DEBW142,9.0814,48.9029
DEBW210,7.6136,47.6155
DEBW214,9.1348,48.9553
DEBW235,9.2196,49.1464
DEBW197,7.9243,48.3305
DEBW212,9.2739,48.8707
DEBW229,9.2611,48.9419
DEBW233,8.9975,48.7049
DEBW239,9.219,49.1357
DEBW225,9.2779,48.9658
DEBW227,9.2551,48.4345
DEBW149,9.5794,48.8092
DEBW236,9.1725,49.1585
DEBW150,8.0212,47.5536
DEBW211,9.2779,48.8876
DEBW226,9.467,47.6567
DEBW202,8.6303,48.4691
DEBW232,8.2059,48.8557
DESL018,7.0617,49.2994
DESL019,6.552,49.4169
DESL030,7.1656,49.3995
DERP027,8.1378,49.3556
DESN077,12.3347,51.3359
DESN074,13.4651,50.6591
DESN052,13.7515,50.7315
DERP067,7.5911,50.3537
DESN091,12.4866,50.7204
DESN079,14.7497,51.2854
DESN083,12.9034,50.8457
DESN092,13.7302,51.0361
DESL002,7.2634,49.362
DESN076,13.0094,51.3038
DESN093,12.2111,50.6081
DESN084,13.7316,51.0263
DESN104,12.9594,50.8552
DEST039,10.6183,51.7986
DESN130,13.1322,51.3526
DEST098,11.0434,51.6624
DETH011,12.4376,50.9878
DEST095,11.4495,51.7595
DETH027,11.1346,50.5
DEST101,11.0559,51.8895
DEST102,11.9813,51.4948
DEST112,11.6319,52.1317
DEST099,11.6312,52.1312
DETH005,11.3689,50.6512
DEST134,12.2387,51.8858
DEST104,11.8914,51.8373
DETH013,10.3172,50.9783
DETH026,10.3753,50.5618
DETH061,11.6612,50.7916
DETH091,10.4484,51.2052
DEUB001,8.308,54.9231
DETH040,10.7871,50.6192
DETH098,12.0749,50.8839
DETH083,11.3261,50.9775
DETH093,11.321,50.9822
DETH099,11.0222,50.971
DETH102,10.6854,50.6062
DETH084,11.3258,50.9833
DETH042,10.8672,51.3333
DETH095,10.451,51.2079
DEUB005,10.7561,52.8009
DETH097,12.0712,50.8704
DETH132,11.0325,50.9686
DEUB029,10.7694,50.6546
DETH100,10.4496,51.2102
DETH101,11.3417,50.9798
DETH117,11.0566,50.9931
DEST144,11.6306,52.1312
DETH082,11.5898,50.9364
DEUB028,12.725,54.4368
DETH128,11.356,50.6501
DETH060,10.6686,50.6532
DETH131,10.7846,51.508
DEUB046,13.4206,48.9476
DETH096,11.1207,51.1681
DEBE017,13.2936,52.4707
DEBE020,13.4555,52.4754
DEBB001,14.1417,51.8376
DEBW030,9.5699,48.8823
DEBE045,13.404,52.5911
DEBB020,13.0397,52.3867
DEBY034,11.2739,49.5065
DEBB010,14.7122,51.9485
DEBW074,8.3862,48.2229
DEBB036,13.1718,52.0892
DEHE027,8.7729,51.0969
DEBE001,13.2271,52.6216
DEHH022,9.9639,53.4537
DEHH041,9.9634,53.5511
DEHE016,8.2902,50.0078
DEBW093,8.5347,49.4036
DEHH055,9.9674,53.4601
DEBB039,13.5821,52.6805
DEBB040,12.8765,52.6096
DEBB059,12.875,52.605
DEBY069,12.1284,50.1764
DEBB038,13.8703,53.3158
DEHE034,9.0011,50.4166
DEBE009,13.2885,52.5511
DEBB043,13.7065,51.8556
DEBB047,13.0338,52.3938
DEBY059,11.1036,49.4306
DENI015,10.3482,52.1496
DEHE048,8.5219,49.7184
DEHE029,8.2842,50.7403
DEBB009,14.6406,51.744
DEBY082,11.1429,47.5085
DENI030,7.1331,53.3682
DEBW095,8.8753,48.5879
DEBY078,9.9378,49.7733
DEHH003,10.0291,53.5978
DEHH005,10.1439,53.5976
DENW003,7.6517,51.6237
DEHE003,8.6345,50.1234
DEHH011,10.1474,53.5617
DEBW067,7.8602,48.3362
DEHH014,9.9731,53.5264
DEBE046,13.4684,52.5526
DEBW113,8.1521,48.859
DEMV001,10.9017,53.8681
DEBB028,11.7595,52.9945
DEBE047,13.4517,52.5159
DEBE049,13.5198,52.4602
DEHH045,10.0681,53.5814
DEHE015,8.8294,50.1368
DEHE012,9.5325,51.3063
DEHE007,8.6386,50.0861
DEHH054,10.2066,53.497
DEHH062,9.8054,53.5559
DEHE033,9.2789,51.0804
DEBE053,13.5187,52.5142
DENI040,10.4149,53.2428
DENW001,7.6542,51.6683
DEBW090,8.7272,48.547
DEBW003,8.0778,48.5302
DEBB034,13.8007,52.8351
DEHB008,8.5931,53.5595
DEHB009,8.7935,53.0667
DEHH018,9.9089,53.49
DEBB046,13.0672,52.4036
DEHH006,9.8425,53.5606
DEBW068,8.3056,48.8158
DENW005,7.4457,51.6028
DEBB069,12.5892,52.1421
DEHE025,8.4372,50.1993
DEBB012,13.2289,51.6929
DEBY017,10.9333,49.59
DEBB051,14.0575,52.5414
DEHH017,10.1509,53.523
DEHH019,9.9663,53.4932
DEBY057,11.1433,49.4627
DEBW077,9.9765,48.354
DEHH046,10.0101,53.6412
DENW007,7.3483,51.5311
DEBE008,13.2296,52.5553
DEBW051,9.2214,49.1458
DEHH004,10.0819,53.5982
DEBW070,7.9393,48.4743
DEBY090,12.1736,47.6474
DEBY066,11.0714,49.3237
DEHH030,9.7928,53.5623
DEBW086,7.5808,48.0277
DENW020,7.0064,51.5813
DEHH013,9.9007,53.5278
DENW016,6.9753,51.6778
DEBW092,8.4688,49.281
DEHE002,8.487,49.7752
DEHE004,8.6076,50.0945
DEBW066,9.0133,48.7849
DEHH043,9.9791,53.4569
DEHH044,9.9293,53.5565
DEHH010,10.084,53.5596
DEHH012,9.8448,53.5237
DEBE023,13.3413,52.4444
DEHH053,10.0116,53.5577
DENI049,9.9588,52.158
DEHH040,9.9894,53.5614
DEHH035,9.9893,53.4481
DENW017,7.0594,51.6276
DEBB052,13.0485,52.3483
DEBE035,13.4153,52.4588
DEBE025,13.4575,52.4466
DEBY092,11.1609,47.8469
DEBE006,13.3449,52.5864
DENI014,11.0434,52.1547
DEHH023,10.0255,53.4504
DEHH038,9.9721,53.6245
DEBE019,13.4171,52.4781
DENI024,10.2092,52.267
DEBW058,8.8312,47.7618
DEBW123,9.2104,48.4896
DENW032,6.7542,51.5985
DENW031,6.6229,51.5984
DEBW069,9.0163,48.7955
DENW035,6.8741,51.5266
DENI005,9.7016,52.4242
DENW192,6.7596,51.0194
DENW202,8.0207,50.8755
DEBW119,9.1753,48.8111
DENW014,7.4154,51.4171
DENW054,7.006,51.0384
DEBW091,8.1441,47.8982
DEBB070,13.965,51.5831
DEHH001,9.9068,53.5997
DEBW124,8.6872,49.3794
DESL004,6.7671,49.3702
DESL008,7.0021,49.6324
DENW019,7.2219,51.6035
DENW154,6.9581,50.9469
DENW163,7.0013,51.3885
DEBY091,12.9718,48.2312
DEBB016,13.2561,52.2962
DENW069,6.7814,51.1633
DENW070,6.6313,51.2702
DENI025,10.5408,52.1563
DESN038,12.1424,50.4921
DENW027,7.2357,51.4722
DERP032,7.4625,50.4303
DERP033,7.7638,49.4452
DENW033,6.6393,51.5327
DEHH063,8.4974,53.9179
DENW063,8.9506,51.831
DENI021,9.6591,51.4017
DENI056,10.5289,52.2641
DEBW132,9.2248,49.1461
DEST006,11.6467,52.1336
DEBW114,9.7886,48.7999
DERP030,6.6493,49.7583
DEST033,11.9722,51.7546
DEUB006,9.7055,54.1182
DEUB007,8.7004,52.8508
DEUB008,9.3904,52.3067
DENW041,6.5488,51.3219
DENW045,6.8581,51.2922
DENW061,7.0286,50.8341
DENW257,6.3523,50.8512
DENW141,7.6135,51.9683
DENW146,8.5331,52.015
DENW214,7.4802,51.524
DENW218,7.024,51.2756
DESH001,9.5859,53.6706
DETH002,12.0792,50.894
DESH005,10.6354,53.8713
DETH030,10.6551,50.6626
DENW052,6.7907,51.0079
DESL015,6.8868,49.2548
DENW138,6.6926,51.1937
DENW073,6.8629,51.8494
DESH004,10.2675,53.7405
DENW160,7.0777,51.4566
DENW197,6.316,50.8297
DENW226,7.0766,51.4701
DEST065,11.9736,51.1986
DEUB026,14.0708,53.735
DEUB027,12.6164,53.7622
DEHH039,9.9763,53.6457
DEUB039,14.4557,52.1656
DESH006,9.5494,54.5273
DESL016,6.8579,49.2514
DEUB002,7.0542,49.7619
DEUB013,10.584,49.2473
DERP029,7.5955,50.3592
DENW049,6.9502,51.1665
DEUB016,7.6722,52.0425
DETH007,11.3283,50.7184
DEUB003,13.2181,48.8171
DETH008,11.5916,50.6955
DEHE038,9.8588,51.3414
DETH016,10.9472,50.8371
DESN057,14.2102,50.9385
DEBW141,8.7115,49.2989
DEBB050,13.5838,52.6842
DENI039,9.7038,53.4788
DEST034,11.1459,51.7883
DETH012,11.3265,50.9821
DEUB032,10.3124,51.3929
DEUB033,12.9259,51.5243
DEST036,12.09,51.9669
DEST042,11.545,51.5352
DEHH037,9.9531,53.5759
DERP031,7.6047,49.2053
DESH016,10.2149,53.5706
DEUB031,14.7862,50.8277
DENW217,6.5106,51.0978
DEUB017,12.0621,50.3066
DETH032,10.7009,50.951
DESH021,10.1362,54.3327
DENW057,6.8086,50.9186
DEUB018,10.152,51.0371
DETH021,10.4635,51.2053
DENW155,7.0045,50.9628
DETH019,11.0242,50.9696
DENW103,7.5101,51.4935
DESH002,9.0956,53.9242
DENW145,6.9396,50.9342
DESH012,10.1044,54.3442
DEST082,11.7208,51.4643
DETH066,11.6007,50.6986
DEUB034,7.8763,54.1867
DEUB036,11.202,47.6505
DENW150,6.9501,50.9758
DENW170,7.046,51.4567
DESN085,13.7287,51.0548
DESH003,10.3321,53.4357
DESH029,10.1227,54.3039
DENW127,7.2955,51.575
DETH086,10.7083,50.6298
DEUB012,8.9567,48.4547
DEHH036,10.0441,53.5949
DEUB019,11.8044,50.5689
DEUB020,11.3937,53.6375
DEUB025,14.1195,52.2106
DENI026,10.5233,51.9086
DENW173,6.6915,51.1947
DENW177,8.5196,52.0273
DEUB041,11.1112,47.8988
DEHH042,9.984,53.5939
DESH032,10.8081,54.1065
DEUB042,9.4467,49.2407
DEUB009,7.6642,51.0976
DEUB021,12.4606,52.1213
DEUB022,13.9906,53.0301
DEUB023,13.5747,51.6454
DEST016,12.2695,51.6617
DETH037,11.5827,50.9251
DENW140,8.4909,52.0005
DENW142,6.675,51.3334
DEUB035,13.5865,50.8285
DEUB038,9.7916,54.0731
DEUB024,12.4094,52.9375
DEST096,11.6199,52.2387
DETH065,11.3456,50.6969
DEUB040,13.6449,52.9718
DETH017,11.5161,51.0277
DESH031,10.6152,54.1315
DETH029,11.1675,50.3585
DETH080,11.4814,50.6372
DETH064,11.3218,50.9927
DEUB037,11.4419,53.0684
DEUB014,11.2252,47.922
DENW205,6.712,51.4114
DENW221,7.3447,51.4402
DENW183,8.7477,51.7196
DEST067,12.2631,51.6819
DESH009,10.6858,53.8709
DETH089,12.0745,50.8849
DENW199,7.6197,51.9544
DENW193,6.5799,50.8632
DETH063,11.3007,50.9144
DETH073,11.6923,51.0113
DETH062,11.2824,50.9171
DETH067,11.432,50.662
DENW223,6.8901,50.8799
DENW227,7.4854,51.6274
DEBW143,8.3904,48.2292
DEBY002,12.1887,50.0582
DEBY081,11.0631,47.4764
DEBY047,11.7216,50.3232
DEBY062,13.1289,48.9724
DEHE009,8.5156,50.0807
DEHB003,8.7556,53.1111
DEHE023,9.4646,50.7595
DENI144,8.0364,52.2716
DEHH076,9.9717,53.4676
DENI019,9.5777,51.7598
DENI148,9.9376,51.5321
DENW164,6.9395,50.9336
DENW198,6.9466,50.9424
DENI145,8.0352,52.2827
DENI147,9.9315,51.5322
DENW224,6.7407,51.5648
DENW220,7.2134,51.5774
DENW236,7.4777,51.3602
DENW135,7.0465,51.4571
DENW231,7.6631,51.5889
DENW243,7.1502,51.5428
DENW156,7.6197,51.9548
DENW258,6.4928,50.8067
DENW168,7.0051,51.4778
DENW256,6.9787,51.2501
DENW204,7.2106,51.511
DENW265,7.7486,51.6105
DENW298,7.2037,51.4611
DENW167,8.0208,50.8756
DENW274,7.3093,51.5839
DENW180,6.5595,51.0638
DENW234,6.9243,51.5195
DENW235,7.0848,51.5281
DENW153,6.953,50.9399
DENW273,7.1436,51.5965
DENW283,6.1564,51.8739
DENW261,6.5294,51.3562
DENW270,7.5067,51.5836
DENW263,8.7553,51.7201
DENW271,7.5201,51.6202
DESH011,9.2239,53.9088
DENW322,8.7563,52.0838
DENW284,7.6978,51.3742
DENW302,6.8555,51.0137
DENW304,7.1041,50.8589
DENW295,7.7021,51.3732
DENW323,8.7447,52.081
DEBY026,11.6383,48.7671
DEBY093,11.7863,49.488
DENW074,6.4693,50.8835
DESH013,11.216,54.413
DESH014,8.6035,54.3278
DERP040,6.6749,49.7487
DESN049,12.6111,50.4313
DESH015,9.5303,53.9244
DERP034,7.6147,49.1923
DESN080,12.2341,51.3961
DESN081,12.1304,50.4818
DEST106,11.0911,51.4561
DESN053,12.9535,50.4285
DESN082,12.4257,51.376
DESN037,12.1347,50.4952
DEST009,11.0559,51.8848
DEST023,11.9572,51.4938
DENW093,7.7261,52.1313
DENW075,7.9734,51.1734
DESL009,6.9713,49.2341
DENW076,7.7414,52.1371
DETH055,10.4651,51.2093
DEST027,11.9713,51.2019
DESN008,12.9193,50.8312
DEST017,11.5511,51.5277
DEST001,11.8538,52.6074
DEST007,11.7421,52.0195
DEBY008,10.9078,48.3083
DEBW089,9.5053,49.7792
DEBW075,8.7135,49.0333
DEBY073,12.3324,49.879
DEBY064,12.1245,49.0336
DEBB035,14.5446,52.3457
DEBW101,8.6582,49.4214
DEST018,11.5073,51.6493
DESH017,9.5665,54.8352
DEBW221,9.1813,47.6691
DEHB010,8.7114,53.1501
DEHE053,8.6034,50.0955
DEHE054,8.9263,50.1304
DEHE056,8.6836,50.1108
DEHE057,8.4951,50.5779
DEHE095,8.492,50.5754
DEHE164,8.4632,50.5782
DENW425,6.2297,50.7633
DENW433,6.6228,50.5824
DENW307,6.5273,51.4818
DENW254,6.7523,51.4679
DENW375,7.3336,51.4331
DENW117,7.1861,51.4825
DENW131,6.747,51.5061
DERP044,7.3753,50.6994
DENW245,6.2326,50.7648
DENW246,7.523,51.6085
DENW105,6.7002,51.3687
DENW426,6.2262,50.7604
DENW341,6.4033,51.0529
DENW301,6.8477,51.4315
DENW432,6.2295,50.7706
DERP043,7.6521,50.2751
DENW378,7.4734,51.6131
DENW306,7.471,51.614
DENW359,6.4158,51.097
DESL006,6.7449,49.1836
DENW424,6.2279,50.7615
DENW106,6.7202,51.365
DENW132,8.0251,50.9122
DENW196,6.531,51.4891
DEST100,10.7907,51.8304
DETH088,10.7847,51.5073
DENW264,7.3031,51.5803
DEBB057,14.2889,53.066
DEBW131,9.2215,49.1405
DEHE047,8.9586,50.1218
DEBB056,12.7342,52.69
DEBB071,13.0676,52.4054
DEBW129,8.6944,48.8908
DEBY024,11.4453,48.7878
DEBB072,13.2618,52.4011
DEHE055,9.5278,51.3129
DEBB074,13.8904,51.9377
DENW111,6.7362,51.379
DETH085,11.4899,50.6561
DETH087,10.6723,50.6497
DENW144,6.2316,50.7657
DETH090,10.4175,50.5776
DENW194,6.728,51.3677
DENW300,6.3976,50.8773
DENW129,7.3211,51.6241
DENW286,7.1865,51.5603
DENW285,7.5833,51.3479
DENW309,6.746,51.3833
DENW282,7.555,51.4441
DENW308,6.5733,51.047
DESL001,6.6871,49.2639
DEBE007,13.1678,52.5577
DEBY025,11.5243,48.7664
DEBB011,13.2038,52.6364
DEBB014,13.9374,51.8571
DEBE054,13.5828,52.5487
DEBY041,11.5822,48.1253
DEBY044,11.5683,48.1702
DEBY048,11.8605,48.8133
DEBE055,13.5832,52.4436
DEBY070,11.75,49.5016
DEBY016,11.0166,49.5876
DEBE003,13.3385,52.6188
DEBE021,13.2427,52.4455
DEBB017,14.3859,51.7739
DEBE028,13.4093,52.4113
DEBE031,13.4042,52.377
DEBE050,13.4591,52.5884
DEBY018,11.0312,49.5518
DEBE059,13.5759,52.5125
DEBE012,13.168,52.5128
DEBE029,13.4843,52.4113
DEHH031,9.9759,53.5632
DEBY042,11.5823,48.1073
DEBE013,13.2177,52.5174
DEBY051,11.6993,48.7731
DEBB041,14.0699,52.3709
DEBE060,13.5948,52.4761
DEBE058,13.5296,52.5565
DEBE004,13.2342,52.5876
DESN026,12.3661,51.3319
DESN040,13.3031,51.3035
DESL005,6.7894,49.3059
DESN015,13.7437,51.0327
DETH035,10.1394,51.3761
DESN044,14.8057,50.896
DESN041,12.4151,51.1984
DESN003,13.0272,50.4966
DESN043,12.7343,51.3702
DETH038,11.334,50.7185
DETH014,10.8727,51.3655
DESN056,12.3038,50.6227
DETH010,11.6404,50.4519
DESN013,13.1198,51.1197
DETH048,11.5159,51.0225
DETH053,11.6396,50.4481
DETH034,10.649,51.1083
DETH022,10.23,50.8086
DETH023,10.7291,50.4298
DETH058,11.3615,50.6459
DESN031,12.4643,50.8508
DETH028,10.4609,50.719
DETH006,12.1968,50.6508
DESN022,13.5256,51.2875
DESN027,12.4159,51.3598
DETH015,11.3269,50.9896
DEUB010,8.5419,50.3991
DESN018,13.6626,51.0152
DESN023,12.7074,50.8028
DETH049,12.0835,50.8835
DESN010,12.8894,50.8035
DESN016,12.6339,51.4597
DESN032,13.4898,51.1606
DESN035,13.1089,51.2955
DEST084,11.8535,52.2704
DESN039,13.677,51.1002
DESN042,14.2703,50.9719
DETH004,11.584,50.9302
DESN029,12.3404,51.3321
DEST021,11.9097,51.4749
DETH051,10.7265,50.4291
DETH054,10.42,50.5708
DETH044,11.0407,50.9817
DETH050,10.7029,50.9477
DETH001,12.0981,50.8801
DETH003,11.5893,50.9272
DETH056,11.5936,50.6942
DETH057,11.3479,50.7169
DESN009,12.9591,50.8676
DESN062,13.0031,50.5804
DEST019,11.95,51.4527
DESN021,12.7191,51.2317
DEST013,11.563,51.8653
DESN007,12.8878,50.8333
DESN058,13.7899,51.0184
DESN046,12.4989,50.704
DETH059,10.6686,50.654
