ERGART;WDATUM;LEER;LEER;LEER;SART;AGS;Name;A;B;C1;C2;Gültige Stimmen;D01 - CDU;D02 - AfD;D03 - DIE LINKE;D04 - SPD;D05 - GRÜNE;D06 - FDP;D07;D08;D09;D11;D12;D13;D14;D16;WG (Summe);EB (Summe);D17;D18;D19;D20;D21;D22;D23;D24;D25
E;26.05.2019;  ;  ;  ;GEM;15001000;Stadt Dessau-Ro�lau;68645;36938;664;36274;106747;24353;17885;15562;9743;10802;4982;;;;;;;;;23420;;9196;5262;8962;;;;;;
E;26.05.2019;  ;  ;  ;GEM;15002000;Stadt Halle (Saale);191030;108148;1796;106352;314772;54831;44028;55951;35489;51239;16904;6568;738;;;10760;;;;38264;;14051;21637;2576;;;;;;
E;26.05.2019;  ;  ;  ;GEM;15003000;Landeshauptstadt Magdeburg;193826;103541;1547;101994;300393;55969;43200;45922;50794;46127;16157;;;9871;4061;2548;12709;;;13035;;8651;4384;;;;;;;
E;26.05.2019;  ;  ;  ;GEM;15081135;Hansestadt Gardelegen;19292;10252;215;10037;29637;7501;4951;4283;7465;1630;930;;;;;;;;;2877;;2877;;;;;;;;
E;26.05.2019;  ;  ;  ;GEM;15081455;Hansestadt Salzwedel;19972;10691;169;10522;31148;6364;4591;6195;3672;2901;1774;;;;;;;;;5651;;5651;;;;;;;;
E;26.05.2019;  ;  ;  ;GEM;15081030;Stadt Arendsee (Altmark);5780;3346;47;3299;9718;2304;1064;2719;552;606;1217;;;;;;;;;1256;;1256;;;;;;;;
E;26.05.2019;  ;  ;  ;GEM;15081240;Stadt Kalbe (Milde);6428;3481;60;3421;10062;2818;1387;2111;718;1248;467;;;;;;;;;1313;;1313;;;;;;;;
E;26.05.2019;  ;  ;  ;GEM;15081280;Stadt Kl�tze;8798;5085;92;4993;14557;4583;2136;2244;2740;795;1545;;;;;;;;;514;;514;;;;;;;;
E;26.05.2019;  ;  ;  ;GEM;15081026;Gemeinde Flecken Apenburg-Winterfeld;1445;845;8;837;2456;897;356;264;335;112;44;;;;;;;;;448;;448;;;;;;;;
E;26.05.2019;  ;  ;  ;GEM;15081045;Gemeinde Beetzendorf;2724;1244;20;1224;3613;1309;497;445;558;408;73;;;;;;;;;323;;323;;;;;;;;
E;26.05.2019;  ;  ;  ;GEM;15081095;Gemeinde D�hre;1249;581;6;575;1720;731;248;338;137;169;52;;;;;;;;;45;;45;;;;;;;;
E;26.05.2019;  ;  ;  ;GEM;15081105;Gemeinde Flecken Diesdorf;1941;920;16;904;2638;815;373;666;471;186;57;;;;;;;;;70;;70;;;;;;;;
E;26.05.2019;  ;  ;  ;GEM;15081225;Gemeinde J�bar;1358;881;12;869;2560;1421;361;268;265;100;77;;;;;;;;;68;;68;;;;;;;;
E;26.05.2019;  ;  ;  ;GEM;15081290;Gemeinde Kuhfelde;918;524;8;516;1524;517;231;218;155;143;62;;;;;;;;;198;;198;;;;;;;;
E;26.05.2019;  ;  ;  ;GEM;15081440;Gemeinde Rohrberg;912;524;8;516;1531;514;226;269;265;116;38;;;;;;;;;103;;103;;;;;;;;
E;26.05.2019;  ;  ;  ;GEM;15081545;Gemeinde Wallstawe;758;429;6;423;1256;303;174;130;88;128;112;;;;;;;;;321;;321;;;;;;;;
E;26.05.2019;  ;  ;  ;GEM;15082015;Stadt Bitterfeld-Wolfen;33824;16021;408;15613;46026;10364;9905;6175;2806;2529;1926;;124;;;;;;;12197;;;6014;;241;;5942;;;
E;26.05.2019;  ;  ;  ;GEM;15082430;Stadt Zerbst/Anhalt;19113;9878;209;9669;28678;5157;4415;2533;7099;1743;2111;;0;;;;;;;5620;;5620;;;;;;;;
E;26.05.2019;  ;  ;  ;GEM;15082005;Stadt Aken (Elbe);6628;2253;50;2203;6577;1669;1276;884;1163;716;610;;33;;;;;;;226;;;;151;;;;75;;
E;26.05.2019;  ;  ;  ;GEM;15082256;Gemeinde Osternienburger Land;7357;2913;73;2840;8426;3028;1770;1613;999;335;180;;71;;;;;;;430;;;;251;;;;179;;
E;26.05.2019;  ;  ;  ;GEM;15082377;Stadt S�dliches Anhalt;11565;4269;81;4188;12524;2999;2226;2956;513;308;130;;51;;;;;;;3341;;;;2951;;;;390;;
E;26.05.2019;  ;  ;  ;GEM;15082180;Stadt K�then (Anhalt);21802;10381;292;10089;29681;5754;4769;6725;5224;1224;2247;;;;;;;;;3738;;;;;;2025;;1713;;
E;26.05.2019;  ;  ;  ;GEM;15082301;Stadt Raguhn-Je�nitz;8003;4689;156;4533;13436;4087;3026;1261;1664;547;1190;;376;;;;;;;1285;;;523;;;;762;;;
E;26.05.2019;  ;  ;  ;GEM;15082340;Stadt Sandersdorf-Brehna;12759;7434;217;7217;21407;9874;3520;2749;1172;1082;869;;161;;;;;;;1980;;;164;;;;1816;;;
E;26.05.2019;  ;  ;  ;GEM;15082440;Stadt Z�rbig;8019;4462;92;4370;12759;4604;1885;824;751;328;686;;83;;;;;;;3598;;;61;;;;3537;;;
E;26.05.2019;  ;  ;  ;GEM;15082241;Gemeinde Muldestausee;10203;5986;145;5841;17319;3509;3949;1547;1266;788;1756;;;;;;;;;4504;;;68;;3755;;681;;;
E;26.05.2019;  ;  ;  ;GEM;15083020;Gemeinde Altenhausen;947;535;8;527;1555;360;207;186;256;81;43;;;;;;;;;422;;24;50;26;;322;;;;
E;26.05.2019;  ;  ;  ;GEM;15083060;Gemeinde Beendorf;712;301;7;294;870;375;91;91;123;59;31;;;;;;;;;100;;15;17;14;;54;;;;
E;26.05.2019;  ;  ;  ;GEM;15083115;Gemeinde B�lstringen;762;419;13;406;1191;270;153;86;49;49;20;;;;;;;;;564;;16;23;9;;516;;;;
E;26.05.2019;  ;  ;  ;GEM;15083125;Gemeinde Calv�rde;3002;1375;36;1339;3962;1257;539;432;247;337;313;;;;;;;;;837;;72;35;44;;686;;;;
E;26.05.2019;  ;  ;  ;GEM;15083205;Gemeinde Erxleben;2428;1084;53;1031;3019;830;512;384;482;150;81;;;;;;;;;580;;51;58;44;;427;;;;
E;26.05.2019;  ;  ;  ;GEM;15083230;Gemeinde Flechtingen;2389;1033;22;1011;2955;893;399;290;649;194;37;;;;;;;;;493;;79;69;33;;312;;;;
E;26.05.2019;  ;  ;  ;GEM;15083270;Stadt Haldensleben;16544;6394;160;6234;18284;4780;3234;2404;1725;1313;489;;;;;;;;;4339;;1421;1485;967;;466;;;;
E;26.05.2019;  ;  ;  ;GEM;15083323;Gemeinde Ingersleben;1166;594;14;580;1717;597;242;86;139;57;15;;;;;;;;;581;;17;17;10;;537;;;;
E;26.05.2019;  ;  ;  ;GEM;15083411;Stadt Oebisfelde-Weferlingen;11619;5714;140;5574;16370;5166;1979;1877;3289;1098;340;;;;;;;;;2621;;204;209;112;;2096;;;;
E;26.05.2019;  ;  ;  ;GEM;15083030;Gemeinde Angern;1681;954;36;918;2707;1090;583;358;221;148;109;;;;;;;;;198;;;;;58;140;;;;
E;26.05.2019;  ;  ;  ;GEM;15083040;Gemeinde Barleben;7819;3807;91;3716;10960;4311;1516;1110;776;917;1554;;;;;;;;;776;;;;;244;532;;;;
E;26.05.2019;  ;  ;  ;GEM;15083120;Gemeinde Burgstall;1312;668;30;638;1868;638;498;228;183;106;73;;;;;;;;;142;;;;;41;101;;;;
E;26.05.2019;  ;  ;  ;GEM;15083130;Gemeinde Colbitz;2840;1390;30;1360;4019;942;870;804;456;315;400;;;;;;;;;232;;;;;91;141;;;;
E;26.05.2019;  ;  ;  ;GEM;15083361;Gemeinde Loitsche-Heinrichsberg;808;438;17;421;1242;515;253;92;140;67;47;;;;;;;;;128;;;;;41;87;;;;
E;26.05.2019;  ;  ;  ;GEM;15083390;Gemeinde Niedere B�rde;6059;3040;75;2965;8696;3451;1515;985;859;453;733;;;;;;;;;700;;;;;266;434;;;;
E;26.05.2019;  ;  ;  ;GEM;15083440;Gemeinde Rog�tz;1838;786;31;755;2166;755;437;221;288;149;112;;;;;;;;;204;;;;;84;120;;;;
E;26.05.2019;  ;  ;  ;GEM;15083557;Gemeinde Westheide;1448;677;18;659;1952;951;378;205;117;102;116;;;;;;;;;83;;;;;28;55;;;;
E;26.05.2019;  ;  ;  ;GEM;15083565;Stadt Wolmirstedt;9863;4311;125;4186;12350;2853;2470;1404;1842;945;547;;;;;;;;;2289;;;;;1309;980;;;;
E;26.05.2019;  ;  ;  ;GEM;15083580;Gemeinde Zielitz;1566;743;17;726;2146;686;510;204;497;83;53;;;;;;;;;113;;;;;58;55;;;;
E;26.05.2019;  ;  ;  ;GEM;15083298;Gemeinde Hohe B�rde;15681;6598;195;6403;18994;5348;3585;2345;2637;1421;1242;;;;;;;;;2416;;;;;;2416;;;;
E;26.05.2019;  ;  ;  ;GEM;15083490;Gemeinde S�lzetal;7634;3841;81;3760;11117;3577;2603;1183;2260;606;669;;;;;;;;;219;;;;;;219;;;;
E;26.05.2019;  ;  ;  ;GEM;15083531;Stadt Wanzleben-B�rde;12171;5518;137;5381;15807;3798;3089;2759;2321;925;2440;;;;;;;;;475;;;;;;475;;;;
E;26.05.2019;  ;  ;  ;GEM;15083025;Gemeinde Am Gro�en Bruch;1784;937;19;918;2728;658;355;153;1111;47;277;;;;;;;;;127;;;;;;127;;;;
E;26.05.2019;  ;  ;  ;GEM;15083035;Gemeinde Ausleben;1391;618;12;606;1768;443;304;150;471;72;134;;;;;;;;;194;;;;;;194;;;;
E;26.05.2019;  ;  ;  ;GEM;15083190;Gemeinde Eilsleben;3269;1366;40;1326;3894;997;557;580;464;308;329;;;;;;;;;659;;;;;;659;;;;
E;26.05.2019;  ;  ;  ;GEM;15083245;Stadt Gr�ningen;3096;1396;54;1342;3958;578;487;385;1694;110;116;;;;;;;;;588;;;;;;588;;;;
E;26.05.2019;  ;  ;  ;GEM;15083275;Gemeinde Harbke;1193;641;16;625;1804;235;221;210;907;46;38;;;;;;;;;147;;;;;;147;;;;
E;26.05.2019;  ;  ;  ;GEM;15083320;Gemeinde H�tensleben;3067;1189;30;1159;3369;923;459;306;521;284;434;;;;;;;;;442;;;;;;442;;;;
E;26.05.2019;  ;  ;  ;GEM;15083355;Stadt Kroppenstedt;1190;569;9;560;1648;270;269;128;230;30;285;;;;;;;;;436;;;;;;436;;;;
E;26.05.2019;  ;  ;  ;GEM;15083415;Stadt Oschersleben (Bode);16765;6592;167;6425;18815;4766;3267;2622;3432;873;1037;;;;;;;;;2818;;;;;;2818;;;;
E;26.05.2019;  ;  ;  ;GEM;15083485;Gemeinde Sommersdorf;1220;605;11;594;1749;308;294;196;388;79;71;;;;;;;;;413;;;;;;413;;;;
E;26.05.2019;  ;  ;  ;GEM;15083505;Gemeinde Ummendorf;799;330;3;327;964;390;96;76;61;198;54;;;;;;;;;89;;;;;;89;;;;
E;26.05.2019;  ;  ;  ;GEM;15083515;Gemeinde V�lpke;1104;463;16;447;1300;316;206;199;202;103;65;;;;;;;;;209;;;;;;209;;;;
E;26.05.2019;  ;  ;  ;GEM;15083535;Gemeinde Wefensleben;1505;673;23;650;1924;368;261;348;191;99;47;;;;;;;;;610;;;;;;610;;;;
E;26.05.2019;  ;  ;  ;GEM;15084012;Gemeinde An der Poststra�e;1421;902;26;876;2579;856;416;181;228;79;58;;136;;;;;;;625;;;625;;;;;;;
E;26.05.2019;  ;  ;  ;GEM;15084013;Gemeinde Meineweh;900;497;14;483;1432;274;310;129;332;56;228;;15;;;;;;;88;;;88;;;;;;;
E;26.05.2019;  ;  ;  ;GEM;15084015;Stadt Bad Bibra;2358;1276;24;1252;3695;1361;566;357;256;166;237;;223;;;;;;;529;;;529;;;;;;;
E;26.05.2019;  ;  ;  ;GEM;15084025;Gemeinde Balgst�dt;954;632;15;617;1841;540;314;106;532;50;62;;94;;;;;;;143;;;143;;;;;;;
E;26.05.2019;  ;  ;  ;GEM;15084125;Stadt Eckartsberga;1972;1085;20;1065;3131;1392;513;389;210;121;85;;124;;;;;;;297;;;297;;;;;;;
E;26.05.2019;  ;  ;  ;GEM;15084132;Gemeinde Finne;1005;648;16;632;1876;548;205;158;126;99;67;;76;;;;;;;597;;;597;;;;;;;
E;26.05.2019;  ;  ;  ;GEM;15084133;Gemeinde Finneland;904;597;12;585;1733;547;198;178;174;85;83;;58;;;;;;;410;;;410;;;;;;;
E;26.05.2019;  ;  ;  ;GEM;15084135;Stadt Freyburg (Unstrut);4070;2188;47;2141;6346;2191;840;787;502;155;264;;121;;;;;;;1486;;;1486;;;;;;;
E;26.05.2019;  ;  ;  ;GEM;15084150;Gemeinde Gleina;1043;698;22;676;2005;556;190;182;131;93;53;;26;;;;;;;774;;;774;;;;;;;
E;26.05.2019;  ;  ;  ;GEM;15084170;Gemeinde Goseck;870;585;22;563;1672;539;314;238;159;148;86;;37;;;;;;;151;;;151;;;;;;;
E;26.05.2019;  ;  ;  ;GEM;15084246;Gemeinde Kaiserpfalz;1344;793;24;769;2276;743;319;254;297;247;54;;63;;;;;;;299;;;299;;;;;;;
E;26.05.2019;  ;  ;  ;GEM;15084250;Gemeinde Karsdorf;1314;721;25;696;2052;587;244;681;74;51;45;;125;;;;;;;245;;;245;;;;;;;
E;26.05.2019;  ;  ;  ;GEM;15084282;Gemeinde Lanitz-Hassel-Tal;927;585;9;576;1702;418;275;96;507;93;74;;77;;;;;;;162;;;162;;;;;;;
E;26.05.2019;  ;  ;  ;GEM;15084285;Stadt Laucha an der Unstrut;2478;1427;36;1391;4082;1017;596;392;258;97;99;;389;;;;;;;1234;;;1234;;;;;;;
E;26.05.2019;  ;  ;  ;GEM;15084335;Gemeinde Mertendorf;1398;850;18;832;2462;489;492;273;304;139;510;;43;;;;;;;212;;;212;;;;;;;
E;26.05.2019;  ;  ;  ;GEM;15084341;Gemeinde Molauer Land;920;554;16;538;1589;342;318;166;187;76;320;;35;;;;;;;145;;;145;;;;;;;
E;26.05.2019;  ;  ;  ;GEM;15084360;Stadt Nebra (Unstrut);2723;1574;39;1535;4557;1017;859;1282;285;89;85;;306;;;;;;;634;;;634;;;;;;;
E;26.05.2019;  ;  ;  ;GEM;15084375;Stadt Osterfeld;2157;1223;41;1182;3508;614;711;339;1295;93;201;;64;;;;;;;191;;;191;;;;;;;
E;26.05.2019;  ;  ;  ;GEM;15084445;Gemeinde Sch�nburg;894;589;12;577;1718;226;278;103;69;75;615;;17;;;;;;;335;;;335;;;;;;;
E;26.05.2019;  ;  ;  ;GEM;15084470;Stadt St��en;797;463;27;436;1293;245;248;127;202;62;274;;42;;;;;;;93;;;93;;;;;;;
E;26.05.2019;  ;  ;  ;GEM;15084560;Gemeinde Wethau;823;448;14;434;1244;322;245;141;160;41;198;;11;;;;;;;126;;;126;;;;;;;
E;26.05.2019;  ;  ;  ;GEM;15084355;Stadt Naumburg (Saale);27778;15418;383;15035;44443;13580;6672;5879;5470;4462;2665;;906;;;;;;;4809;;;3165;;;1644;;;;
E;26.05.2019;  ;  ;  ;GEM;15084550;Stadt Wei�enfels;34894;16323;377;15946;47166;9709;9046;5571;4516;1786;1634;;660;;;;;;;14244;;4038;;;;;10206;;;
E;26.05.2019;  ;  ;  ;GEM;15084130;Gemeinde Elsteraue;7163;4335;150;4185;12313;4093;2809;1112;1924;725;648;;282;;;;;;;617;103;;412;;205;;;;;103
E;26.05.2019;  ;  ;  ;GEM;15084235;Stadt Hohenm�lsen;8445;4468;93;4375;12924;6273;1918;1285;2062;433;180;;387;;;;;;;260;126;;148;;112;;;;;126
E;26.05.2019;  ;  ;  ;GEM;15084315;Stadt L�tzen;7517;4325;96;4229;12507;2134;2142;845;3751;1292;286;;290;;;;;;;1657;110;;165;;1492;;;;;110
E;26.05.2019;  ;  ;  ;GEM;15084490;Stadt Teuchern;6971;3590;96;3494;10258;2374;1779;874;2748;288;182;;428;;;;;;;461;1124;;381;;80;;;;;1124
E;26.05.2019;  ;  ;  ;GEM;15084115;Gemeinde Droy�ig;1683;1071;15;1056;3143;918;379;237;108;150;89;;38;;;;;;;1185;39;;538;647;;;;;39;
E;26.05.2019;  ;  ;  ;GEM;15084207;Gemeinde Gutenborn;1503;1069;12;1057;3139;1543;415;139;147;113;88;;48;;;;;;;618;28;;69;549;;;;;28;
E;26.05.2019;  ;  ;  ;GEM;15084275;Gemeinde Kretzschau;2117;1239;26;1213;3598;1503;693;331;159;78;140;;87;;;;;;;553;54;;205;348;;;;;54;
E;26.05.2019;  ;  ;  ;GEM;15084442;Gemeinde Schnaudertal;799;559;12;547;1617;522;374;151;62;37;32;;24;;;;;;;371;44;;54;317;;;;;44;
E;26.05.2019;  ;  ;  ;GEM;15084565;Gemeinde Wetterzeube;1510;955;16;939;2796;583;491;711;99;100;100;;64;;;;;;;612;36;;80;532;;;;;36;
E;26.05.2019;  ;  ;  ;GEM;15084590;Stadt Zeitz;24540;11945;329;11616;34336;9929;6564;4433;2806;1734;2253;;624;;;;;;;5632;361;;3461;2171;;;;;361;
E;26.05.2019;  ;  ;  ;GEM;15085135;Stadt Halberstadt;33850;16123;456;15667;45392;10368;6083;9782;5177;3911;1359;3561;;;;;;;;5151;;5151;;;;;;;;
E;26.05.2019;  ;  ;  ;GEM;15085235;Welterbestadt Quedlinburg;21233;10254;268;9986;29301;6777;4831;5131;5976;4027;2559;;;;;;;;;;;;;;;;;;;
E;26.05.2019;  ;  ;  ;GEM;15085370;Stadt Wernigerode;28566;15853;386;15467;45443;12220;5565;9028;6880;6731;1467;;;;;;;;;3552;;3552;;;;;;;;
E;26.05.2019;  ;  ;  ;GEM;15085040;Stadt Ballenstedt;7771;4147;126;4021;11693;2954;2044;2032;2257;1388;1018;;;;;;;;;;;;;;;;;;;
E;26.05.2019;  ;  ;  ;GEM;15085055;Stadt Blankenburg (Harz);17694;9242;251;8991;26359;10790;4332;4155;3331;2840;911;;;;;;;;;;;;;;;;;;;
E;26.05.2019;  ;  ;  ;GEM;15085330;Stadt Thale;15483;8224;241;7983;23450;10796;3857;3349;1899;2798;751;;;;;;;;;;;;;;;;;;;
E;26.05.2019;  ;  ;  ;GEM;15085190;Stadt Ilsenburg (Harz);8221;4867;124;4743;13752;4163;1546;2183;3514;1774;572;;;;;;;;;;;;;;;;;;;
E;26.05.2019;  ;  ;  ;GEM;15085227;Gemeinde Nordharz;6643;3953;156;3797;11170;3497;1632;1863;2509;1267;402;;;;;;;;;;;;;;;;;;;
E;26.05.2019;  ;  ;  ;GEM;15085185;Gemeinde Huy;6214;3342;87;3255;9593;4370;1080;1498;931;488;219;;;;;;;;;637;370;637;;;;;;;370;
E;26.05.2019;  ;  ;  ;GEM;15085230;Stadt Osterwieck;9756;5628;137;5491;16201;2705;1891;2180;1851;1032;251;;;;;;;;;6221;70;6221;;;;;;;70;
E;26.05.2019;  ;  ;  ;GEM;15085090;Gemeinde Ditfurt;1356;756;36;720;2093;299;285;185;151;76;981;26;;;;;;;;90;;73;;;17;;;;;
E;26.05.2019;  ;  ;  ;GEM;15085110;Stadt Falkenstein/Harz;4644;2617;75;2542;7432;2908;1092;1198;1417;456;139;98;;;;;;;;124;;42;;;82;;;;;
E;26.05.2019;  ;  ;  ;GEM;15085125;Gemeinde Gro� Quenstedt;769;446;23;423;1234;451;134;158;35;31;51;217;;;;;;;;157;;138;;;19;;;;;
E;26.05.2019;  ;  ;  ;GEM;15085140;Gemeinde Harsleben;1865;1005;29;976;2839;613;449;316;95;134;57;228;;;;;;;;947;;158;;;789;;;;;
E;26.05.2019;  ;  ;  ;GEM;15085160;Gemeinde Hedersleben;1172;606;24;582;1698;120;227;236;767;33;197;18;;;;;;;;100;;90;;;10;;;;;
E;26.05.2019;  ;  ;  ;GEM;15085285;Stadt Schwanebeck;2103;1013;53;960;2787;860;581;626;132;122;62;105;;;;;;;;299;;270;;;29;;;;;
E;26.05.2019;  ;  ;  ;GEM;15085287;Gemeinde Selke-Aue;1205;757;18;739;2154;269;361;303;690;77;147;31;;;;;;;;276;;257;;;19;;;;;
E;26.05.2019;  ;  ;  ;GEM;15085365;Stadt Wegeleben;2204;1100;33;1067;3086;1211;417;341;165;120;95;86;;;;;;;;651;;564;;;87;;;;;
E;26.05.2019;  ;  ;  ;GEM;15085145;Stadt Harzgerode;6874;3970;119;3851;11392;6138;975;1355;884;266;42;;;;;;;;;1732;;228;1452;52;;;;;;
E;26.05.2019;  ;  ;  ;GEM;15085228;Stadt Oberharz am Brocken;9425;5152;130;5022;14676;4707;2362;2265;2471;752;248;;;;;;;;;1871;;87;143;1641;;;;;;
E;26.05.2019;  ;  ;  ;GEM;15086035;Gemeinde Elbe-Parey;5660;3159;106;3053;8958;1847;1340;1205;942;844;310;;;;;;;;;2470;;289;1628;553;;;;;;
E;26.05.2019;  ;  ;  ;GEM;15086040;Stadt Genthin;12189;5763;160;5603;16420;4864;2110;2520;2556;1417;1037;;;;;;;;;1916;;140;613;1163;;;;;;
E;26.05.2019;  ;  ;  ;GEM;15086080;Stadt Jerichow;5994;3355;94;3261;9646;1489;1364;977;961;665;562;;;;;;;;;3628;;69;3287;272;;;;;;
E;26.05.2019;  ;  ;  ;GEM;15086015;Stadt Burg;19382;9202;208;8994;26582;6565;4535;4741;5902;1650;1230;;;;;;;;;1959;;1196;;669;94;;;;;
E;26.05.2019;  ;  ;  ;GEM;15086140;Stadt M�ckern;11278;6540;202;6338;18660;5733;2633;2546;2182;1336;1730;;;;;;;;;2500;;463;;555;1482;;;;;
E;26.05.2019;  ;  ;  ;GEM;15086005;Gemeinde Biederitz;7197;4322;120;4202;12502;2473;1533;1842;4337;898;914;;;;;;;;;505;;;287;;218;;;;;
E;26.05.2019;  ;  ;  ;GEM;15086055;Stadt Gommern;9180;5572;192;5380;15894;3377;2304;1572;2350;806;1233;;;;;;;;;4252;;;230;;4022;;;;;
E;26.05.2019;  ;  ;  ;GEM;15086145;Gemeinde M�ser;6956;4249;100;4149;12329;2977;1886;1722;2966;809;633;;;;;;;;;1336;;;1229;;107;;;;;
E;26.05.2019;  ;  ;  ;GEM;15087370;Stadt Sangerhausen;22914;12075;303;11772;34653;6908;7025;6756;4864;1408;2264;;;;;;;2163;;2503;762;;1142;1361;;;;;;762
E;26.05.2019;  ;  ;  ;GEM;15087015;Stadt Allstedt;6691;3865;143;3722;10931;2905;1776;982;1367;255;843;;;;;;;2038;;765;;47;464;39;;215;;;;
E;26.05.2019;  ;  ;  ;GEM;15087055;Gemeinde Berga;1436;851;26;825;2460;231;357;268;163;34;79;;;;;;;5;;1323;;14;18;1;;1290;;;;
E;26.05.2019;  ;  ;  ;GEM;15087101;Gemeinde Br�cken-Hackpf�ffel;863;495;15;480;1433;297;213;182;178;51;63;;;;;;;53;;396;;266;31;3;;96;;;;
E;26.05.2019;  ;  ;  ;GEM;15087125;Gemeinde Edersleben;845;507;23;484;1440;201;243;165;234;55;36;;;;;;;421;;85;;17;20;6;;42;;;;
E;26.05.2019;  ;  ;  ;GEM;15087250;Stadt Kelbra (Kyffh�user);2993;1598;48;1550;4565;722;696;591;549;159;849;;;;;;;54;;945;;38;76;12;;819;;;;
E;26.05.2019;  ;  ;  ;GEM;15087412;Gemeinde S�dharz;8145;4872;157;4715;13958;3902;2550;1640;1667;609;1445;;;;;;;277;;1868;;138;660;67;;1003;;;;
E;26.05.2019;  ;  ;  ;GEM;15087440;Gemeinde Wallhausen;2198;1193;34;1159;3413;759;744;395;530;147;232;;;;;;;117;;489;;100;127;14;;248;;;;
E;26.05.2019;  ;  ;  ;GEM;15087130;Lutherstadt Eisleben;20068;9740;266;9474;27963;5210;6122;5254;5889;1172;1194;;;;;;;979;;2143;;;475;168;;;;1500;;
E;26.05.2019;  ;  ;  ;GEM;15087010;Gemeinde Ahlsdorf;1388;789;20;769;2265;209;459;241;499;35;60;;;;;;;30;;732;;;82;1;;;649;;;
E;26.05.2019;  ;  ;  ;GEM;15087045;Gemeinde Benndorf;1771;874;32;842;2500;327;458;508;348;45;50;;;;;;;48;;716;;;302;10;;;404;;;
E;26.05.2019;  ;  ;  ;GEM;15087070;Gemeinde Blankenheim;1029;597;9;588;1746;111;348;115;160;84;386;;;;;;;417;;125;;;33;3;;;89;;;
E;26.05.2019;  ;  ;  ;GEM;15087075;Gemeinde Bornstedt;706;430;12;418;1202;112;294;84;213;39;55;;;;;;;275;;130;;;30;6;;;94;;;
E;26.05.2019;  ;  ;  ;GEM;15087165;Stadt Gerbstedt;6246;3459;111;3348;9886;2502;1476;2088;1284;320;330;;;;;;;1105;;781;;;339;57;;;385;;;
E;26.05.2019;  ;  ;  ;GEM;15087205;Gemeinde Helbra;3466;1845;51;1794;5340;631;1442;832;1131;98;151;;;;;;;124;;931;;;379;19;;;533;;;
E;26.05.2019;  ;  ;  ;GEM;15087210;Gemeinde Hergisdorf;1407;763;15;748;2183;187;458;158;915;23;73;;;;;;;46;;323;;;48;3;;;272;;;
E;26.05.2019;  ;  ;  ;GEM;15087260;Gemeinde Klostermansfeld;2043;1105;22;1083;3203;280;452;264;272;74;126;;;;;;;131;;1604;;;139;7;;;1458;;;
E;26.05.2019;  ;  ;  ;GEM;15087386;Gemeinde Seegebiet Mansfelder Land;7790;4663;159;4504;13314;4588;3254;1395;1610;375;263;;;;;;;968;;861;;;189;352;;;320;;;
E;26.05.2019;  ;  ;  ;GEM;15087470;Gemeinde Wimmelburg;1029;550;10;540;1591;139;292;227;583;41;129;;;;;;;42;;138;;;22;11;;;105;;;
E;26.05.2019;  ;  ;  ;GEM;15087031;Stadt Arnstein;5783;3246;84;3162;9342;1112;1631;1278;1124;222;179;;;;;;;2075;;1672;49;;967;512;193;;;;49;
E;26.05.2019;  ;  ;  ;GEM;15087220;Stadt Hettstedt;12064;5345;169;5176;15339;1908;2706;3869;1353;403;274;;;;;;;2113;;2509;204;;275;1407;827;;;;204;
E;26.05.2019;  ;  ;  ;GEM;15087275;Stadt Mansfeld;7745;4380;113;4267;12560;1234;1969;1502;1251;283;185;;;;;;;3300;;2803;33;;1256;433;1114;;;;33;
E;26.05.2019;  ;  ;  ;GEM;15088065;Stadt Braunsbedra;9274;4901;139;4762;14065;4652;3182;2063;1316;544;1645;;117;;;;;;546;;;;;;;;;;;
E;26.05.2019;  ;  ;  ;GEM;15088220;Stadt Merseburg;27624;13433;305;13128;38897;8093;9204;6838;5635;2974;2850;;311;;;;;;2992;;;;;;;;;;;
E;26.05.2019;  ;  ;  ;GEM;15088020;Stadt Bad D�rrenberg;10008;5389;109;5280;15443;5939;2783;1659;977;601;2113;;197;;;;;;1174;;;;;;;;;;;
E;26.05.2019;  ;  ;  ;GEM;15088150;Gemeinde Kabelsketal;7484;3948;92;3856;11415;3605;2558;2231;1307;936;558;;31;;;;;;189;;;;;;;;;;;
E;26.05.2019;  ;  ;  ;GEM;15088205;Stadt Leuna;12036;7101;175;6926;20570;7673;4448;2717;2029;1290;1199;;151;;;;;;1063;;;;;;;;;;;
E;26.05.2019;  ;  ;  ;GEM;15088330;Gemeinde Schkopau;9451;5795;142;5653;16770;4730;3655;2426;3032;1420;909;;115;;;;;;483;;;;;;;;;;;
E;26.05.2019;  ;  ;  ;GEM;15088195;Stadt Landsberg;12950;7425;244;7181;21331;5633;4221;5529;1912;1410;1556;;111;;;;;;959;;;;;;;;;;;
E;26.05.2019;  ;  ;  ;GEM;15088216;Stadt Wettin-L�bej�n;8425;4856;160;4696;13794;3892;2662;2049;1256;1950;1625;;58;;;;;;302;;;;;;;;;;;
E;26.05.2019;  ;  ;  ;GEM;15088295;Gemeinde Petersberg;8341;5089;162;4927;14586;3403;2804;1986;1550;1190;1479;;54;;;;;;2120;;;;;;;;;;;
E;26.05.2019;  ;  ;  ;GEM;15088319;Gemeinde Salzatal;10282;6056;164;5892;17476;6145;3562;3091;2163;1066;1130;;63;;;;;;256;;;;;;;;;;;
E;26.05.2019;  ;  ;  ;GEM;15088025;Goethestadt Bad Lauchst�dt;7573;4357;161;4196;12001;4043;2798;2094;827;726;834;;105;;;;;;364;210;;210;;;;;;;;
E;26.05.2019;  ;  ;  ;GEM;15088030;Gemeinde Barnst�dt;866;504;14;490;1451;487;244;265;210;82;135;;10;;;;;;8;10;;10;;;;;;;;
E;26.05.2019;  ;  ;  ;GEM;15088100;Gemeinde Farnst�dt;1300;802;27;775;2293;563;600;265;332;205;243;;33;;;;;;25;27;;27;;;;;;;;
E;26.05.2019;  ;  ;  ;GEM;15088235;Stadt M�cheln (Geiseltal);7494;4282;167;4115;12089;2848;2479;1493;1257;602;1659;;87;;;;;;1570;94;;94;;;;;;;;
E;26.05.2019;  ;  ;  ;GEM;15088250;Gemeinde Nemsdorf-G�hrendorf;713;443;9;434;1287;391;240;164;254;72;129;;7;;;;;;25;5;;5;;;;;;;;
E;26.05.2019;  ;  ;  ;GEM;15088265;Gemeinde Obhausen;1973;1166;15;1151;3415;1415;672;363;513;103;262;;27;;;;;;14;46;;46;;;;;;;;
E;26.05.2019;  ;  ;  ;GEM;15088305;Stadt Querfurt;9366;5326;161;5165;15270;2271;3268;1318;4876;705;2567;;55;;;;;;111;99;;99;;;;;;;;
E;26.05.2019;  ;  ;  ;GEM;15088340;Stadt Schraplau;940;420;9;411;1224;280;343;127;198;80;134;;6;;;;;;18;38;;38;;;;;;;;
E;26.05.2019;  ;  ;  ;GEM;15088355;Gemeinde Steigra;1007;677;31;646;1910;643;439;106;304;202;160;;12;;;;;;29;15;;15;;;;;;;;
E;26.05.2019;  ;  ;  ;GEM;15088365;Gemeinde Teutschenthal;11671;7630;322;7308;21658;3094;4134;2027;1028;1049;1826;;80;;;;;;1362;7058;;7058;;;;;;;;
E;26.05.2019;  ;  ;  ;GEM;15089015;Stadt Aschersleben;23219;11623;306;11317;33513;5521;4913;3924;2166;2287;2149;;;;;;;;;12553;;12553;;;;;;;;
E;26.05.2019;  ;  ;  ;GEM;15089310;Stadt Sta�furt;22390;9947;263;9684;28380;6358;5758;5078;4556;956;3647;;;;;;;;;2027;;;;;;2027;;;;
E;26.05.2019;  ;  ;  ;GEM;15089041;Gemeinde B�rdeaue;1557;889;33;856;2514;884;379;336;545;116;56;74;;;;;;;;124;;;;;;;124;;;
E;26.05.2019;  ;  ;  ;GEM;15089043;Gemeinde B�rde-Hakel;2607;1278;34;1244;3591;665;545;319;1443;129;87;108;;;;;;;;295;;;;;;;295;;;
E;26.05.2019;  ;  ;  ;GEM;15089045;Gemeinde Borne;1050;596;14;582;1693;854;238;201;204;62;32;57;;;;;;;;45;;;;;;;45;;;
E;26.05.2019;  ;  ;  ;GEM;15089075;Stadt Egeln;2858;1525;63;1462;4293;696;580;275;1137;415;92;89;;;;;;;;1009;;;;;;;1009;;;
E;26.05.2019;  ;  ;  ;GEM;15089175;Stadt Hecklingen;6006;2768;79;2689;7967;1360;1431;1151;1606;169;790;1372;;;;;;;;88;;;;;;;88;;;
E;26.05.2019;  ;  ;  ;GEM;15089307;Stadt Seeland;6912;3991;153;3838;11321;5668;1570;1549;1307;495;426;232;;;;;;;;74;;;;;;;74;;;
E;26.05.2019;  ;  ;  ;GEM;15089365;Gemeinde Wolmirsleben;1150;680;20;660;1958;772;293;173;443;84;36;57;;;;;;;;100;;;;;;;100;;;
E;26.05.2019;  ;  ;  ;GEM;15089305;Stadt Sch�nebeck (Elbe);26447;12639;314;12325;36242;10068;6731;6175;7085;2830;3353;;;;;;;;;;;;;;;;;;;
E;26.05.2019;  ;  ;  ;GEM;15089026;Stadt Barby;7227;4048;107;3941;11569;4097;1404;1102;749;576;239;;;;;;;;;3402;;;254;3148;;;;;;
E;26.05.2019;  ;  ;  ;GEM;15089042;Gemeinde B�rdeland;6518;3524;107;3417;10076;2180;1810;1128;3342;436;688;;;;;;;;;492;;;228;264;;;;;;
E;26.05.2019;  ;  ;  ;GEM;15089055;Stadt Calbe (Saale);7670;3535;84;3451;10066;2881;1613;1754;552;328;597;;;;;;;;;2341;;;2096;245;;;;;;
E;26.05.2019;  ;  ;  ;GEM;15089030;Stadt Bernburg (Saale);28059;13788;404;13384;39494;11853;6735;6938;4629;3350;5989;;;;;;;;;;;;;;;;;;;
E;26.05.2019;  ;  ;  ;GEM;15089005;Stadt Alsleben (Saale);2174;1019;22;997;2901;1212;365;408;135;80;631;;;;;;;;;70;;;;;70;;;;;
E;26.05.2019;  ;  ;  ;GEM;15089130;Gemeinde Giersleben;832;478;17;461;1374;302;230;145;94;49;41;;;;;;;;;513;;;;;513;;;;;
E;26.05.2019;  ;  ;  ;GEM;15089165;Stadt G�sten;3560;1610;61;1549;4570;1000;761;1280;572;154;190;;;;;;;;;613;;;;;613;;;;;
E;26.05.2019;  ;  ;  ;GEM;15089185;Gemeinde Ilberstedt;915;534;16;518;1543;367;324;224;296;58;170;;;;;;;;;104;;;;;104;;;;;
E;26.05.2019;  ;  ;  ;GEM;15089195;Stadt K�nnern;7092;3574;106;3468;10245;2845;1918;1462;1146;407;2293;;;;;;;;;174;;;;;174;;;;;
E;26.05.2019;  ;  ;  ;GEM;15089235;Stadt Nienburg (Saale);5451;3144;149;2995;8810;1742;1716;1396;1879;431;1496;;;;;;;;;150;;;;;150;;;;;
E;26.05.2019;  ;  ;  ;GEM;15089245;Gemeinde Pl�tzkau;1104;576;28;548;1622;353;333;343;99;41;239;;;;;;;;;214;;;;;214;;;;;
E;26.05.2019;  ;  ;  ;GEM;15090535;Hansestadt Stendal;32647;16149;317;15832;46701;11169;8384;8860;6111;3060;2566;;;;;;;;;6551;;1322;5229;;;;;;;
E;26.05.2019;  ;  ;  ;GEM;15090003;Gemeinde Aland;1174;644;11;633;1890;487;209;112;52;151;37;;;;;;;;;842;;100;742;;;;;;;
E;26.05.2019;  ;  ;  ;GEM;15090007;Gemeinde Altm�rkische H�he;1620;942;11;931;2747;1175;216;150;73;73;96;;;;;;;;;964;;369;595;;;;;;;
E;26.05.2019;  ;  ;  ;GEM;15090008;Gemeinde Altm�rkische Wische;739;402;14;388;1137;213;127;66;57;47;24;;;;;;;;;603;;145;458;;;;;;;
E;26.05.2019;  ;  ;  ;GEM;15090010;Stadt Arneburg;1344;729;19;710;2065;804;294;251;154;91;55;;;;;;;;;416;;60;356;;;;;;;
E;26.05.2019;  ;  ;  ;GEM;15090070;Stadt Bismark (Altmark);7036;4131;103;4028;11878;3806;1782;1505;957;544;754;;;;;;;;;2530;;454;2076;;;;;;;
E;26.05.2019;  ;  ;  ;GEM;15090135;Gemeinde Eichstedt (Altmark);751;507;20;487;1451;314;245;208;109;53;79;;;;;;;;;443;;128;315;;;;;;;
E;26.05.2019;  ;  ;  ;GEM;15090180;Gemeinde Goldbeck;1187;612;12;600;1772;283;241;177;153;94;54;;;;;;;;;770;;135;635;;;;;;;
E;26.05.2019;  ;  ;  ;GEM;15090220;Gemeinde Hassel;807;504;12;492;1466;529;188;214;100;68;53;;;;;;;;;314;;26;288;;;;;;;
E;26.05.2019;  ;  ;  ;GEM;15090245;Gemeinde Hohenberg-Krusemark;1065;581;18;563;1671;384;238;186;117;90;67;;;;;;;;;589;;143;446;;;;;;;
E;26.05.2019;  ;  ;  ;GEM;15090270;Gemeinde Iden;712;383;3;380;1105;184;123;139;68;20;30;;;;;;;;;541;;244;297;;;;;;;
E;26.05.2019;  ;  ;  ;GEM;15090415;Hansestadt Osterburg (Altmark);8725;4841;129;4712;13889;1919;1543;2926;760;523;517;;;;;;;;;5701;;1162;4539;;;;;;;
E;26.05.2019;  ;  ;  ;GEM;15090435;Gemeinde Rochau;885;550;11;539;1586;307;230;161;90;50;122;;;;;;;;;626;;140;486;;;;;;;
E;26.05.2019;  ;  ;  ;GEM;15090520;Hansestadt Seehausen (Altmark);4221;2129;40;2089;6151;1104;743;607;279;355;240;;;;;;;;;2823;;656;2167;;;;;;;
E;26.05.2019;  ;  ;  ;GEM;15090610;Hansestadt Werben (Elbe);932;546;19;527;1559;193;165;107;304;55;29;;;;;;;;;706;;77;629;;;;;;;
E;26.05.2019;  ;  ;  ;GEM;15090635;Gemeinde Zehrental;763;400;7;393;1175;219;120;103;54;66;21;;;;;;;;;592;;77;515;;;;;;;
E;26.05.2019;  ;  ;  ;GEM;15090225;Hansestadt Havelberg;5626;3038;58;2980;8794;2729;1289;2186;747;512;310;;;;;;;;;1021;;103;918;;;;;;;
E;26.05.2019;  ;  ;  ;GEM;15090285;Gemeinde Kamern;1074;623;12;611;1808;469;256;327;140;70;271;;;;;;;;;275;;44;231;;;;;;;
E;26.05.2019;  ;  ;  ;GEM;15090310;Gemeinde Klietz;1239;807;18;789;2338;439;464;542;299;116;250;;;;;;;;;228;;91;137;;;;;;;
E;26.05.2019;  ;  ;  ;GEM;15090445;Stadt Sandau (Elbe);750;421;9;412;1222;482;188;263;82;39;48;;;;;;;;;120;;16;104;;;;;;;
E;26.05.2019;  ;  ;  ;GEM;15090485;Gemeinde Schollene;1024;594;17;577;1710;323;268;306;179;192;226;;;;;;;;;216;;64;152;;;;;;;
E;26.05.2019;  ;  ;  ;GEM;15090500;Gemeinde Sch�nhausen (Elbe);1823;1169;21;1148;3389;813;507;305;889;74;583;;;;;;;;;218;;55;163;;;;;;;
E;26.05.2019;  ;  ;  ;GEM;15090546;Stadt Tangerh�tte;9296;5236;141;5095;15102;3608;2831;2526;1901;910;718;;;;;;;;;2608;;959;1649;;;;;;;
E;26.05.2019;  ;  ;  ;GEM;15090550;Stadt Tangerm�nde;9019;4942;89;4853;14307;3746;3200;2107;1185;777;1054;;;;;;;;;2238;;179;2059;;;;;;;
E;26.05.2019;  ;  ;  ;GEM;15090631;Gemeinde Wust-Fischbeck;1094;656;17;639;1867;575;340;222;239;97;217;;;;;;;;;177;;80;97;;;;;;;
E;26.05.2019;  ;  ;  ;GEM;15091375;Lutherstadt Wittenberg;40051;21687;474;21213;62499;12077;10677;9268;9853;4168;1766;11822;625;;;;;;;2243;;2243;;;;;;;;
E;26.05.2019;  ;  ;  ;GEM;15091110;Stadt Gr�fenhainichen;10082;5383;111;5272;15197;5961;2918;3075;1018;567;326;609;206;;;;;;;517;;517;;;;;;;;
E;26.05.2019;  ;  ;  ;GEM;15091160;Stadt Kemberg;8680;5329;113;5216;15208;6165;2407;1762;1832;457;454;822;125;;;;;;;1184;;1184;;;;;;;;
E;26.05.2019;  ;  ;  ;GEM;15091020;Stadt Bad Schmiedeberg;7317;4517;83;4434;13145;2257;1896;915;2490;398;;4918;111;;;;;;;160;;160;;;;;;;;
E;26.05.2019;  ;  ;  ;GEM;15091391;Stadt Zahna-Elster;8049;5014;83;4931;14458;3776;1548;1182;698;400;;6424;135;;;;;;;295;;295;;;;;;;;
E;26.05.2019;  ;  ;  ;GEM;15091010;Stadt Annaburg;5796;3292;113;3179;9405;2000;2086;834;757;272;214;3018;102;;;;;;;101;21;101;;;;;;;21;
E;26.05.2019;  ;  ;  ;GEM;15091145;Stadt Jessen (Elster);12267;6812;108;6704;19805;4989;3019;2767;4193;651;1191;1880;174;;;;;;;292;649;292;;;;;;;649;
E;26.05.2019;  ;  ;  ;GEM;15091060;Stadt Coswig (Anhalt);10440;6040;110;5930;17593;4325;2716;1847;2272;842;244;5018;178;;;;;;;151;;151;;;;;;;;
E;26.05.2019;  ;  ;  ;GEM;15091241;Stadt Oranienbaum-W�rlitz;7107;4192;62;4130;12209;4560;2224;1386;1745;416;363;1309;134;;;;;;;72;;72;;;;;;;;
