KreisNr,GemeindeNr,Gemeindename,Zu vergebene Sitze,Mehrheitswahl,Wahlberechtiget,Wähler,Wahlbeteiligung,Ungültige Stimmabgaben,Gültige Stimmabgaben,Gültige Stimmen,CDU,DIE LINKE,SPD,FDP,GRÜNE,Sonstige
51,51000,"Erfurt, Stadt",50,,164760,68404,41.5,1712,66692,198640,20,17,8,-,5,-
52,52000,"Gera, Stadt",46,,88552,35043,39.6,1060,33983,100838,14,18,6,-,-,8
53,53000,"Jena, Stadt",46,,84153,36880,43.8,1085,35795,106294,10,11,9,4,6,6
54,54000,"Suhl, Stadt",36,,36835,17514,47.5,368,17146,51067,9,12,4,-,-,11
55,55000,"Weimar, Stadt",42,,51804,22088,42.6,661,21427,63642,13,9,5,-,6,9
56,56000,"Eisenach, Stadt",36,,36492,15374,42.1,400,14974,44286,13,9,6,-,3,5
61,61001,Arenshausen,12,,819,439,53.6,18,421,1256,7,-,3,-,-,2
61,61002,Asbach-Sickenberg,6,x,94,73,77.7,6,67,320,-,-,-,-,-,6
61,61003,Berlingerode,12,,1006,605,60.1,10,595,1767,5,-,-,7,-,-
61,61004,Bernterode (b. Heilb. Heiligenst.),6,x,235,167,71.1,3,164,814,-,-,-,-,-,6
61,61005,Bernterode (bei Worbis),12,,1192,718,60.2,24,694,2063,5,-,-,-,-,7
61,61007,Birkenfelde,8,x,485,295,60.8,12,283,1942,8,-,-,-,-,-
61,61009,Bischofferode,14,,1683,917,54.5,45,872,2577,6,-,-,-,-,8
61,61011,Bockelnhagen,6,,377,272,72.1,24,248,736,-,-,3,-,-,3
61,61012,Bodenrode-Westhausen,12,,958,585,61.1,21,564,1688,9,-,-,-,-,3
61,61014,Bornhagen,6,,248,229,92.3,4,225,672,-,-,4,-,-,2
61,61015,Brehme,12,,958,743,77.6,15,728,2155,5,-,-,-,-,7
61,61017,Breitenworbis,14,,1807,894,49.5,38,856,2527,10,-,4,-,-,-
61,61018,Büttstedt,12,x,786,408,51.9,55,353,3209,12,-,-,-,-,-
61,61019,Buhla,8,,506,341,67.4,8,333,988,-,2,5,1,-,-
61,61021,Burgwalde,6,,211,173,82,32,141,418,2,-,-,-,-,4
61,61022,Deuna,12,,852,597,70.1,31,566,1675,9,-,-,-,-,3
61,61023,Dieterode,6,x,86,75,87.2,2,73,397,-,-,-,-,-,6
61,61024,Dietzenrode/Vatterode,6,,111,85,76.6,7,78,228,-,-,-,-,-,6
61,61025,"Dingelstädt, Stadt",16,,3928,1829,46.6,34,1795,5358,11,-,-,1,-,4
61,61026,Ecklingerode,8,,630,370,58.7,29,341,1013,5,-,-,-,-,3
61,61027,Effelder,12,x,1089,723,66.4,15,708,6066,-,-,-,-,-,12
61,61028,Eichstruth,6,x,68,60,88.2,1,59,315,-,-,-,-,-,6
61,61031,Ferna,8,,494,360,72.9,20,340,1007,5,-,-,-,-,3
61,61032,Freienhagen,6,x,278,171,61.5,20,151,673,6,-,-,-,-,-
61,61033,Fretterode,6,x,154,116,75.3,6,110,631,-,-,-,-,-,6
61,61034,Geisleden,12,x,967,529,54.7,20,509,4809,12,-,-,-,-,-
61,61035,Geismar,12,,1037,666,64.2,45,621,1820,11,-,-,-,-,1
61,61036,Gerbershausen,8,x,560,374,66.8,16,358,2661,8,-,-,-,-,-
61,61037,Gernrode,12,,1342,825,61.5,25,800,2360,8,-,-,1,-,3
61,61038,Gerterode,6,,355,221,62.3,27,194,564,-,-,-,-,-,6
61,61039,Glasehausen,6,x,140,128,91.4,2,126,708,-,-,-,-,-,6
61,61041,Großbartloff,12,,813,694,85.4,19,675,1988,8,-,-,-,-,4
61,61042,Großbodungen,12,,1257,970,77.2,37,933,2763,-,-,-,-,-,12
61,61043,Hausen,6,x,392,250,63.8,10,240,1174,6,-,-,-,-,-
61,61044,Haynrode,8,,631,407,64.5,17,390,1134,3,-,2,-,-,3
61,61045,"Heilbad Heiligenstadt, Stadt",24,,14021,6843,48.8,159,6684,19784,17,4,3,-,-,-
61,61046,Helmsdorf,8,,461,332,72,22,310,921,3,-,-,-,-,5
61,61047,Heuthen,8,x,628,397,63.2,6,391,2643,8,-,-,-,-,-
61,61048,Hohengandern,8,,465,313,67.3,16,297,878,5,-,1,-,-,2
61,61049,Hohes Kreuz,12,,1101,570,51.8,25,545,1620,9,-,-,-,-,3
61,61051,Holungen,8,x,744,379,50.9,34,345,2189,8,-,-,-,-,-
61,61052,Hundeshagen,12,,1033,571,55.3,24,547,1639,7,-,-,-,-,5
61,61053,Jützenbach,8,,436,319,73.2,22,297,883,6,-,-,-,-,2
61,61054,Kallmerode,8,,490,343,70,6,337,1011,5,-,-,-,-,3
61,61055,Kefferhausen,8,,647,341,52.7,40,301,878,6,-,-,2,-,-
61,61056,Kella,8,x,465,297,63.9,9,288,1929,8,-,-,-,-,-
61,61057,Kirchgandern,8,,478,317,66.3,35,282,829,6,-,-,2,-,-
61,61058,Kirchworbis,12,,1201,589,49,46,543,1599,-,-,-,-,-,12
61,61059,Kleinbartloff,6,,378,254,67.2,7,247,737,4,-,-,-,-,2
61,61061,Kreuzebra,8,,619,424,68.5,18,406,1190,3,1,-,4,-,-
61,61062,Krombach,6,x,174,145,83.3,1,144,844,-,-,-,-,-,6
61,61063,Küllstedt,12,,1224,884,72.2,12,872,2589,7,-,-,-,-,5
61,61065,Lenterode,6,,268,223,83.2,7,216,643,2,-,-,-,-,4
61,61066,Lindewerra,6,,211,180,85.3,-,180,538,-,-,-,-,1,5
61,61067,Lutter,8,x,610,411,67.4,5,406,2670,8,-,-,-,-,-
61,61068,Mackenrode,8,,314,188,59.9,15,173,508,6,-,-,-,-,2
61,61069,Marth,6,,280,192,68.6,4,188,562,6,-,-,-,-,-
61,61073,Neustadt,8,,594,261,43.9,28,233,674,6,-,-,-,-,2
61,61074,Niederorschel,16,,2712,1480,54.6,72,1408,4160,9,-,3,2,-,2
61,61075,Pfaffschwende,6,,279,197,70.6,7,190,562,-,-,2,-,-,4
61,61076,Reinholterode,8,x,653,469,71.8,9,460,3312,8,-,-,-,-,-
61,61077,Röhrig,6,x,198,150,75.8,7,143,748,-,-,-,-,-,6
61,61078,Rohrberg,6,,198,137,69.2,10,127,375,2,-,-,-,-,4
61,61082,Rustenfelde,8,,390,273,70,5,268,798,5,-,-,-,-,3
61,61083,Schachtebich,6,,208,142,68.3,18,124,367,-,-,-,-,-,6
61,61084,Schönhagen,6,,95,79,83.2,2,77,231,-,-,-,-,-,6
61,61085,Schwobfeld,6,,87,62,71.3,4,58,171,-,-,-,-,-,6
61,61086,Sickerode,6,x,139,86,61.9,3,83,449,-,-,-,-,-,6
61,61087,Silberhausen,8,x,570,367,64.4,8,359,2402,8,-,-,-,-,-
61,61088,Silkerode,6,x,342,214,62.6,3,211,1143,-,-,-,-,-,6
61,61089,Steinbach,8,,470,408,86.8,14,394,1171,5,-,-,-,-,3
61,61091,Steinheuterode,6,,231,210,90.9,9,201,603,6,-,-,-,-,-
61,61092,Steinrode,8,,461,314,68.1,32,282,836,-,-,-,-,-,8
61,61093,Stöckey,6,,363,286,78.8,7,279,836,2,-,-,4,-,-
61,61094,Tastungen,6,x,225,160,71.1,21,139,613,-,-,-,-,-,6
61,61096,Thalwenden,6,x,311,179,57.6,7,172,1019,-,-,-,-,-,6
61,61097,Uder,14,,2092,1114,53.3,40,1074,2864,10,-,-,-,-,4
61,61098,Volkerode,6,x,233,130,55.8,14,116,589,6,-,-,-,-,-
61,61099,Vollenborn,6,x,225,148,65.8,3,145,748,-,-,-,-,-,6
61,61101,Wachstedt,8,,477,386,80.9,7,379,1125,3,-,-,5,-,-
61,61102,Wahlhausen,6,x,253,194,76.7,3,191,1049,-,-,-,-,-,6
61,61103,Wehnde,6,,320,232,72.5,8,224,658,1,-,-,-,-,5
61,61104,Weißenborn-Lüderode,12,x,1203,657,54.6,23,634,6023,12,-,-,-,-,-
61,61105,Wiesenfeld,6,x,206,112,54.4,1,111,609,-,-,-,-,-,6
61,61107,Wingerode,12,,996,624,62.7,30,594,1757,9,-,-,-,-,3
61,61111,Wüstheuterode,8,,524,371,70.8,35,336,989,5,-,-,-,-,3
61,61112,Zwinge,6,x,363,154,42.4,12,142,641,-,-,-,-,-,6
61,61113,Schimberg,14,,1918,1272,66.3,72,1200,3548,6,-,-,-,-,8
61,61114,Teistungen,14,,2005,1125,56.1,43,1082,3227,10,1,-,3,-,-
61,61115,"Leinefelde-Worbis, Stadt",30,,16614,8049,48.4,367,7682,22914,17,5,3,-,-,5
62,62001,Auleben,12,,928,649,69.9,35,614,1813,3,-,4,-,-,5
62,62002,"Bleicherode, Stadt",20,,5390,2339,43.4,65,2274,6746,9,6,5,-,-,-
62,62004,Buchholz,6,,189,143,75.7,17,126,370,-,-,-,-,-,6
62,62005,"Ellrich, Stadt",20,,5219,2399,46,93,2306,6838,6,5,6,2,-,1
62,62006,Etzelsrode,6,x,85,67,78.8,2,65,355,-,-,-,-,-,6
62,62007,Friedrichsthal,6,,233,165,70.8,8,157,468,-,-,-,-,-,6
62,62008,Görsbach,12,,984,552,56.1,46,506,1477,3,1,-,-,-,8
62,62009,Großlohra,12,,888,463,52.1,19,444,1321,4,-,-,-,-,8
62,62014,Hainrode/Hainleite,6,,326,257,78.8,17,240,710,-,1,-,-,-,5
62,62015,Hamma,6,x,258,185,71.7,5,180,965,-,-,-,-,-,6
62,62016,Harzungen,6,x,197,134,68,-,134,523,-,-,-,-,-,6
62,62017,"Heringen/Helme, Stadt",14,,1995,1103,55.3,31,1072,3157,6,3,3,2,-,-
62,62018,Herrmannsacker,6,,343,213,62.1,20,193,557,-,-,-,-,-,6
62,62022,Ilfeld,16,,2677,1293,48.3,79,1214,3564,9,4,3,-,-,-
62,62024,Kehmstedt,8,,463,295,63.7,24,271,807,-,-,-,-,-,8
62,62025,Kleinbodungen,6,x,349,250,71.6,15,235,1097,-,-,-,-,-,6
62,62026,Kleinfurra,12,,1008,609,60.4,30,579,1704,4,-,-,-,-,8
62,62029,Kraja,6,x,279,175,62.7,8,167,749,-,-,-,-,-,6
62,62033,Lipprechterode,8,,552,418,75.7,25,393,1161,-,-,-,-,-,8
62,62036,Neustadt/Harz,12,,1054,634,60.2,22,612,1821,6,-,3,-,-,3
62,62037,Niedergebra,8,,692,466,67.3,36,430,1271,3,-,-,-,-,5
62,62038,Niedersachswerfen,16,,2790,1147,41.1,71,1076,3184,8,1,7,-,-,-
62,62039,Nohra,8,,853,444,52.1,25,419,1243,3,-,-,-,-,5
62,62041,"Nordhausen, Stadt",36,,36088,14741,40.8,521,14220,42160,14,9,11,2,-,-
62,62042,Obergebra,8,,755,426,56.4,26,400,1171,3,-,5,-,-,-
62,62044,Petersdorf,6,x,300,196,65.3,3,193,1059,-,-,-,-,-,6
62,62046,Rehungen,8,x,454,234,51.5,8,226,1312,-,-,-,-,-,8
62,62047,Rodishain,6,,228,174,76.3,5,169,504,-,-,-,-,-,6
62,62049,Sollstedt,16,,2623,1382,52.7,50,1332,3950,5,-,3,-,-,8
62,62052,Stempeda,6,x,238,191,80.3,5,186,927,-,-,-,-,-,6
62,62054,Urbach,12,,879,518,58.9,45,473,1399,2,-,-,-,-,10
62,62055,Uthleben,12,,997,666,66.8,42,624,1862,7,-,-,-,-,5
62,62057,Windehausen,8,x,444,293,66,12,281,1800,-,-,-,-,-,8
62,62058,Wipperdorf,12,,1359,681,50.1,66,615,1795,-,-,-,-,-,12
62,62059,Wolkramshausen,12,,968,607,62.7,16,591,1766,3,1,-,-,-,8
62,62062,Hohenstein,14,,2161,1377,63.7,72,1305,3833,6,2,3,3,-,-
62,62063,Werther,16,,3035,1945,64.1,85,1860,5537,5,4,3,-,-,4
63,63001,Andenhausen,6,x,204,100,49,15,85,383,-,-,-,-,-,6
63,63002,"Bad Liebenstein, Stadt",16,,3536,2100,59.4,84,2016,5932,-,-,-,-,-,16
63,63003,"Bad Salzungen, Stadt",24,,13799,5776,41.9,179,5597,16588,7,8,2,1,-,6
63,63004,Barchfeld,16,,2931,1604,54.7,44,1560,4631,1,4,9,-,-,2
63,63006,Berka v. d. Hainich,8,,714,478,66.9,59,419,1226,-,-,-,-,-,8
63,63007,"Berka/Werra, Stadt",16,,4023,1942,48.3,106,1836,5425,6,-,-,-,-,10
63,63008,Bischofroda,8,,553,414,74.9,22,392,1152,-,-,-,5,-,3
63,63009,Brunnhartshausen,6,x,336,235,69.9,10,225,1194,-,-,-,-,-,6
63,63011,Buttlar,12,x,1126,787,69.9,14,773,7317,12,-,-,-,-,-
63,63013,"Creuzburg, Stadt",14,,2244,1323,59,78,1245,3657,6,3,1,-,-,4
63,63014,Dankmarshausen,12,,958,624,65.1,35,589,1731,7,-,-,-,-,5
63,63015,Dermbach,16,,2775,1692,61,42,1650,4901,7,-,-,-,-,9
63,63016,Diedorf/Rhön,6,,343,237,69.1,19,218,631,-,-,-,4,-,2
63,63017,Dippach,12,,1028,672,65.4,14,658,1944,5,2,5,-,-,-
63,63018,Dorndorf,16,,2474,1772,71.6,53,1719,5034,8,1,7,-,-,-
63,63019,Ebenshausen,6,,257,164,63.8,18,146,426,-,-,-,-,-,6
63,63023,Empfertshausen,8,,537,314,58.5,29,285,843,5,-,1,-,-,2
63,63024,Ettenhausen a.d. Suhl,8,,398,254,63.8,29,225,671,5,-,-,-,-,3
63,63026,Fischbach/Rhön,8,,498,307,61.6,30,277,811,2,1,5,-,-,-
63,63028,Frankenroda,6,,312,177,56.7,14,163,486,-,-,1,-,-,5
63,63029,Frauensee,8,,822,530,64.5,34,496,1449,1,-,2,-,-,5
63,63032,"Geisa, Stadt",16,,2777,1689,60.8,82,1607,4778,9,1,-,-,-,6
63,63033,Gerstengrund,6,x,45,45,100,-,45,270,-,-,-,-,-,6
63,63036,Großensee,6,,178,125,70.2,11,114,334,-,-,-,-,-,6
63,63037,Hallungen,6,x,208,145,69.7,2,143,724,-,-,-,-,-,6
63,63039,Ifta,12,,1032,532,51.6,34,498,1451,-,-,1,2,-,9
63,63041,Immelborn,12,,1520,914,60.1,39,875,2595,-,-,-,-,-,12
63,63043,Kaltenlengsfeld,6,x,397,253,63.7,13,240,1346,-,-,-,-,-,6
63,63044,"Kaltennordheim, Stadt",12,,1560,953,61.1,21,932,2767,3,3,1,3,-,2
63,63045,Klings,8,x,423,303,71.6,4,299,1782,-,-,-,-,-,8
63,63046,Krauthausen,12,,1379,762,55.3,48,714,2108,-,-,-,-,-,12
63,63049,Lauterbach,8,,547,332,60.7,35,297,880,-,-,-,-,-,8
63,63051,Leimbach,12,,1616,989,61.2,32,957,2814,1,2,1,-,-,8
63,63052,Marksuhl,16,,2719,1505,55.4,69,1436,4229,5,-,1,-,-,10
63,63053,Martinroda,6,,247,191,77.3,9,182,544,-,-,-,-,-,6
63,63054,Merkers-Kieselbach,16,,2747,1622,59,41,1581,4698,5,2,3,-,-,6
63,63055,Mihla,14,,2036,1122,55.1,63,1059,3090,-,-,3,-,-,11
63,63058,Nazza,8,,548,277,50.5,32,245,723,-,-,-,-,-,8
63,63059,Neidhartshausen,6,x,300,203,67.7,26,177,795,-,-,-,-,-,6
63,63062,Oechsen,8,x,589,406,68.9,9,397,2684,-,-,-,-,-,8
63,63065,Rockenstuhl,12,x,1046,778,74.4,23,755,5932,12,-,-,-,-,-
63,63066,"Ruhla, Stadt",20,,5823,2752,47.3,113,2639,7756,9,4,4,-,-,3
63,63068,Schleid,12,,894,690,77.2,45,645,1924,4,-,-,-,-,8
63,63069,Schweina,16,,2628,1634,62.2,113,1521,4527,4,3,6,-,-,3
63,63071,Seebach,14,,2146,1180,55,48,1132,3362,10,4,-,-,-,-
63,63072,"Stadtlengsfeld, Stadt",14,,2311,1312,56.8,46,1266,3780,4,-,3,1,-,6
63,63073,Steinbach,12,,1191,578,48.5,38,540,1589,3,-,4,5,-,-
63,63075,Tiefenort,16,,3534,2104,59.5,58,2046,6075,-,-,-,-,-,16
63,63076,"Treffurt, Stadt",20,,5015,2661,53.1,110,2551,7497,13,3,4,-,-,-
63,63078,Unterbreizbach,16,,3426,2114,61.7,77,2037,6025,8,3,2,-,-,3
63,63081,Urnshausen,8,,682,413,60.6,24,389,1134,-,2,-,-,-,6
63,63082,"Vacha, Stadt",16,,3234,1632,50.5,43,1589,4726,-,-,7,-,-,9
63,63083,Völkershausen,12,x,1026,590,57.5,28,562,4591,-,-,-,-,-,12
63,63084,Weilar,8,,759,519,68.4,23,496,1463,2,-,-,-,-,6
63,63086,Wiesenthal,8,,720,593,82.4,22,571,1705,-,-,2,1,-,5
63,63087,Wölferbütt,6,,369,261,70.7,15,246,734,-,-,-,-,-,6
63,63089,Wolfsburg-Unkeroda,8,,661,446,67.5,33,413,1223,5,-,-,-,-,3
63,63092,Wutha-Farnroda,20,,5946,2828,47.6,77,2751,8103,9,2,9,-,-,-
63,63093,Zella/Rhön,8,x,420,326,77.6,9,317,1554,-,-,-,-,-,8
63,63094,Moorgrund,16,,3111,1839,59.1,44,1795,5343,7,-,2,-,-,7
63,63095,Hörselberg,16,,2775,1397,50.3,85,1312,3849,9,-,-,-,-,7
63,63096,Behringen,16,,2876,1699,59.1,112,1587,4622,3,-,-,-,-,13
63,63097,Gerstungen,20,,5139,2861,55.7,112,2749,8116,6,-,-,1,-,13
64,64001,Altengottern,12,,960,593,61.8,41,552,1652,4,-,-,-,-,8
64,64003,"Bad Langensalza, Stadt",24,,15939,7033,44.1,248,6785,19945,7,5,3,9,-,-
64,64004,"Bad Tennstedt, Stadt",14,,2248,1165,51.8,47,1118,3274,4,-,7,-,-,3
64,64005,Ballhausen,8,,781,390,49.9,45,345,1026,2,-,-,-,-,6
64,64007,Blankenburg,6,x,170,114,67.1,12,102,462,-,-,-,-,-,6
64,64008,Bothenheilingen,8,,400,247,61.8,10,237,691,5,-,-,-,-,3
64,64009,Bruchstedt,6,,258,195,75.6,10,185,552,-,-,-,-,-,6
64,64014,Dünwald,14,,2022,1198,59.2,46,1152,3420,10,-,-,-,-,4
64,64017,Flarchheim,6,,424,263,62,13,250,726,4,-,-,-,-,2
64,64018,Großengottern,14,,1947,1067,54.8,53,1014,2988,8,-,1,5,-,-
64,64019,Großvargula,8,,692,520,75.1,49,471,1394,-,-,-,-,-,8
64,64021,Haussömmern,6,,211,150,71.1,13,137,402,-,-,-,4,-,2
64,64022,Herbsleben,16,,2638,1424,54,51,1373,4083,12,4,-,-,-,-
64,64023,Heroldishausen,6,x,177,126,71.2,5,121,585,-,-,-,-,-,6
64,64024,Heyerode,14,,2107,1188,56.4,40,1148,3407,10,-,-,-,-,4
64,64025,Hildebrandshausen,6,x,330,278,84.2,8,270,1500,6,-,-,-,-,-
64,64027,Hornsömmern,6,x,130,107,82.3,18,89,429,-,-,-,-,-,6
64,64029,Issersheilingen,6,,108,103,95.4,3,100,299,-,-,-,-,-,6
64,64032,Kammerforst,8,,761,480,63.1,33,447,1285,3,-,-,-,-,5
64,64033,Kirchheilingen,8,x,736,511,69.4,17,494,3017,-,-,-,-,-,8
64,64035,Kleinwelsbach,6,x,113,76,67.3,3,73,397,-,-,-,-,-,6
64,64036,Klettstedt,6,x,218,179,82.1,12,167,845,-,-,-,-,-,6
64,64037,Körner,12,,1569,937,59.7,26,911,2637,5,-,5,-,-,2
64,64038,Kutzleben,8,,607,393,64.7,20,373,1096,3,-,-,-,-,5
64,64039,Langula,12,,938,494,52.7,28,466,1375,5,-,6,-,-,1
64,64042,Lengenfeld unterm Stein,12,,1096,684,62.4,34,650,1919,7,1,-,-,-,4
64,64043,Marolterode,6,x,312,208,66.7,10,198,1058,-,-,-,-,-,6
64,64045,Mittelsömmern,6,,199,144,72.4,7,137,403,4,-,-,-,-,2
64,64046,"Mühlhausen/Thüringen, Stadt",36,,29678,11374,38.3,387,10987,32493,12,10,8,3,-,3
64,64047,Mülverstedt,8,,587,368,62.7,26,342,998,1,-,-,-,-,7
64,64048,Neunheilingen,8,,441,298,67.6,13,285,854,1,-,-,-,-,7
64,64049,Niederdorla,12,,1229,660,53.7,48,612,1817,5,-,3,-,-,4
64,64051,Oberdorla,14,,1983,1094,55.2,51,1043,3056,8,-,3,3,-,-
64,64052,Obermehler,12,,873,496,56.8,35,461,1354,6,-,5,-,-,1
64,64053,Oppershausen,6,,302,237,78.5,4,233,691,2,-,-,-,-,4
64,64055,Rodeberg,14,x,1760,1022,58.1,41,981,10796,14,-,-,-,-,-
64,64057,"Schlotheim, Stadt",16,,3568,2225,62.4,63,2162,6237,4,2,9,1,-,-
64,64058,Schönstedt,12,,1181,677,57.3,36,641,1906,2,-,5,-,-,5
64,64061,Sundhausen,6,,341,236,69.2,14,222,659,-,-,-,-,-,6
64,64062,Tottleben,6,,137,112,81.8,13,99,294,-,-,-,-,-,6
64,64064,Urleben,6,,387,253,65.4,26,227,663,-,-,-,4,-,2
64,64065,Weberstedt,8,,516,368,71.3,35,333,982,-,-,-,-,-,8
64,64066,Weinbergen,16,,2893,1670,57.7,62,1608,4679,5,-,4,-,-,7
64,64069,Katharinenberg,16,,2589,1727,66.7,61,1666,4955,5,-,-,-,-,11
64,64071,Unstruttal,16,,2869,1658,57.8,66,1592,4713,4,-,5,-,-,7
64,64072,Menteroda,14,,2077,1305,62.8,53,1252,3715,3,-,3,-,-,8
64,64073,Anrode,16,,2912,1837,63.1,88,1749,5151,12,-,1,-,-,3
65,65001,Abtsbessingen,8,,474,327,69,20,307,899,2,-,-,-,-,6
65,65002,"Artern/Unstrut, Stadt",20,,5504,2135,38.8,75,2060,6123,8,9,3,-,-,-
65,65003,"Bad Frankenhausen/Kyffhäuser, Stadt",20,,7387,3052,41.3,119,2933,8693,7,5,4,-,-,4
65,65004,Badra,8,,534,396,74.2,28,368,1057,-,-,-,5,-,3
65,65005,Bellstedt,6,x,189,115,60.8,3,112,437,6,-,-,-,-,-
65,65006,Bendeleben,8,,672,442,65.8,29,413,1197,5,-,3,-,-,-
65,65008,Borxleben,6,x,306,174,56.9,4,170,732,-,-,-,-,-,6
65,65011,Bretleben,8,,556,311,55.9,33,278,824,-,-,-,-,-,8
65,65012,"Clingen, Stadt",12,,959,500,52.1,21,479,1411,9,3,-,-,-,-
65,65013,Donndorf,8,,721,465,64.5,15,450,1326,-,-,-,2,-,6
65,65014,"Ebeleben, Stadt",16,,2578,1505,58.4,49,1456,4329,3,2,5,-,-,6
65,65015,Esperstedt,8,,532,302,56.8,33,269,794,-,-,-,-,-,8
65,65016,Etzleben,6,x,295,221,74.9,10,211,983,-,-,-,-,-,6
65,65018,Freienbessingen,8,,274,157,57.3,10,147,435,-,-,-,-,-,8
65,65019,Gehofen,8,,681,482,70.8,34,448,1318,5,-,-,-,-,3
65,65021,Göllingen,8,,699,483,69.1,27,456,1354,1,2,-,-,-,5
65,65022,Gorsleben,8,,537,399,74.3,24,375,1112,-,3,-,-,-,5
65,65023,"Greußen, Stadt",16,,3317,1535,46.3,59,1476,4387,5,3,6,-,-,2
65,65027,Günserode,6,,171,149,87.1,14,135,401,2,-,-,-,-,4
65,65029,Hachelbich,8,x,546,280,51.3,12,268,1738,-,-,-,-,-,8
65,65031,Hauteroda,8,,509,312,61.3,19,293,877,3,-,-,-,-,5
65,65032,Helbedündorf,14,,2358,1429,60.6,90,1339,3961,5,1,4,-,-,4
65,65033,"Heldrungen, Stadt",14,,1965,904,46,43,861,2553,8,2,4,-,-,-
65,65034,Hemleben,6,,229,165,72.1,24,141,413,-,-,-,-,-,6
65,65035,Heygendorf,8,,577,345,59.8,46,299,868,-,-,2,-,-,6
65,65038,Holzsußra,6,,265,209,78.9,20,189,564,-,-,-,-,-,6
65,65039,Ichstedt,8,,630,302,47.9,18,284,840,4,2,1,-,-,1
65,65042,Kalbsrieth,8,,665,454,68.3,37,417,1235,-,-,1,-,-,7
65,65046,Mönchpfiffel-Nikolausrieth,6,,335,219,65.4,9,210,627,-,-,-,-,-,6
65,65047,Nausitz,6,x,155,109,70.3,4,105,527,-,-,-,-,-,6
65,65048,Niederbösa,6,,126,114,90.5,23,91,270,4,-,-,-,-,2
65,65051,Oberbösa,6,,366,268,73.2,15,253,743,2,-,-,-,-,4
65,65052,Oberheldrungen,12,,812,518,63.8,46,472,1410,6,-,-,-,-,6
65,65054,Oldisleben,14,,2132,1207,56.6,52,1155,3413,4,1,7,-,-,2
65,65056,Reinsdorf,8,,780,571,73.2,35,536,1603,-,1,1,1,-,5
65,65057,Ringleben,12,,899,652,72.5,36,616,1794,4,2,1,-,-,5
65,65058,Rockstedt,6,x,229,123,53.7,2,121,667,-,-,-,-,-,6
65,65061,"Roßleben, Stadt",20,,5253,2347,44.7,144,2203,6520,5,3,3,2,-,7
65,65062,Rottleben,8,,622,274,44.1,25,249,717,-,-,-,-,-,8
65,65066,Seega,6,,403,325,80.6,50,275,791,-,-,-,-,-,6
65,65067,"Sondershausen, Stadt",30,,18590,8562,46.1,289,8273,24487,11,8,4,-,-,7
65,65068,Steinthaleben,8,,443,318,71.8,14,304,890,1,-,1,-,-,6
65,65072,Thüringenhausen,6,x,100,78,78,-,78,343,-,-,-,-,-,6
65,65074,Topfstedt,8,x,545,292,53.6,6,286,1828,-,-,-,-,-,8
65,65075,Trebra,6,,290,233,80.3,22,211,541,-,-,-,-,-,6
65,65076,Voigtstedt,12,,880,610,69.3,75,535,1559,4,4,-,-,-,4
65,65077,Wasserthaleben,6,,415,259,62.4,37,222,642,1,-,2,-,-,3
65,65079,Westgreußen,6,,378,259,68.5,18,241,705,-,-,-,-,-,6
65,65081,"Wiehe, Stadt",14,,1874,959,51.2,28,931,2756,9,-,-,-,-,5
65,65082,Wolferschwenda,6,x,119,95,79.8,1,94,513,-,-,-,-,-,6
65,65083,Schernberg,16,,2820,1593,56.5,77,1516,4466,3,2,5,-,-,6
65,65084,"Großenehrich, Stadt",16,,2418,1360,56.2,70,1290,3798,5,1,-,-,-,10
66,66001,Altersbach,8,x,485,320,66,10,310,1648,-,-,-,-,-,8
66,66002,Aschenhausen,6,x,166,137,82.5,10,127,668,-,-,-,-,-,6
66,66003,Bauerbach,6,,262,180,68.7,6,174,519,-,-,-,-,-,6
66,66004,Behrungen,8,,520,364,70,10,354,1041,3,-,-,-,-,5
66,66005,Belrieth,6,,337,189,56.1,27,162,473,-,-,-,-,-,6
66,66006,Benshausen,14,,2275,1330,58.5,51,1279,3815,3,1,-,-,-,10
66,66007,Berkach,6,,325,242,74.5,8,234,696,-,-,-,-,-,6
66,66008,Bermbach,8,x,523,282,53.9,20,262,1611,-,-,-,-,-,8
66,66011,Bibra,8,,500,320,64,26,294,877,-,-,-,-,-,8
66,66012,Birx,6,x,156,112,71.8,12,100,519,-,-,-,-,-,6
66,66013,Breitungen/Werra,20,,4526,2452,54.2,70,2382,7087,-,-,4,-,-,16
66,66014,"Brotterode, Stadt",16,,2640,1459,55.3,81,1378,4087,6,3,-,4,-,3
66,66015,Christes,8,,592,432,73,40,392,1163,3,-,-,-,-,5
66,66016,Dillstädt,8,x,743,378,50.9,34,344,2198,-,-,-,-,-,8
66,66017,Einhausen,8,,438,278,63.5,21,257,754,1,1,-,-,-,6
66,66018,Ellingshausen,6,x,245,182,74.3,8,174,765,6,-,-,-,-,-
66,66019,Erbenhausen,8,,530,370,69.8,18,352,1044,-,-,-,-,-,8
66,66021,Exdorf,8,,466,354,76,12,342,1022,-,-,1,-,-,7
66,66022,Fambach,14,,1678,1003,59.8,47,956,2830,5,2,-,-,-,7
66,66023,Floh-Seligenthal,20,,4574,2904,63.5,84,2820,8346,5,2,2,11,-,-
66,66024,Frankenheim/Rhön,12,,1038,430,41.4,23,407,1206,8,4,-,-,-,-
66,66025,Friedelshausen,6,x,292,166,56.8,11,155,780,-,-,-,-,-,6
66,66028,Henneberg,8,,565,442,78.2,11,431,1285,3,-,1,4,-,-
66,66031,Herpf,8,x,806,438,54.3,18,420,2220,-,-,-,-,-,8
66,66032,Heßles,6,x,325,241,74.2,5,236,741,-,-,-,-,-,6
66,66033,Hümpfershausen,6,x,385,260,67.5,5,255,1170,-,-,-,-,-,6
66,66034,Jüchsen,12,,1334,727,54.5,61,666,1984,7,-,-,-,-,5
66,66035,Kaltensundheim,8,,756,505,66.8,22,483,1436,3,-,-,-,-,5
66,66036,Kaltenwestheim,12,,858,538,62.7,26,512,1529,1,-,1,-,-,10
66,66037,"Kleinschmalkalden, Kurort",12,,1304,756,58,31,725,2118,5,5,2,-,-,-
66,66038,Kühndorf,12,x,978,470,48.1,25,445,3928,12,-,-,-,-,-
66,66039,Leutersdorf,6,,264,171,64.8,13,158,467,4,-,-,-,-,2
66,66041,Mehmels,6,x,350,248,70.9,9,239,1193,-,-,-,-,-,6
66,66042,"Meiningen, Stadt",30,,17964,7414,41.3,210,7204,21341,7,9,3,-,2,9
66,66043,Melpers,6,x,98,95,96.9,-,95,505,-,-,-,-,-,6
66,66044,Metzels,8,,564,396,70.2,27,369,1091,-,-,-,-,-,8
66,66045,Neubrunn,8,,516,308,59.7,22,286,847,5,1,-,-,-,2
66,66046,Nordheim,6,,224,161,71.9,16,145,432,-,-,-,-,-,6
66,66047,"Oberhof, Stadt",12,,1431,850,59.4,18,832,2487,3,-,-,-,-,9
66,66048,Oberkatz,6,,231,197,85.3,12,185,545,2,-,-,-,-,4
66,66049,Obermaßfeld-Grimmenthal,12,,1095,621,56.7,35,586,1736,4,-,-,-,-,8
66,66051,"Oberschönau, Kurort",8,,803,609,75.8,23,586,1715,3,-,4,-,-,1
66,66052,Oberweid,8,,497,302,60.8,30,272,806,-,-,-,-,-,8
66,66053,Oepfershausen,8,x,427,281,65.8,4,277,1838,-,-,-,-,-,8
66,66054,Queienfeld,8,,461,239,51.8,13,226,669,1,1,-,-,-,6
66,66055,Rentwertshausen,6,,275,178,64.7,23,155,460,-,-,-,-,-,6
66,66056,Rippershausen,8,,822,442,53.8,32,410,1217,-,-,4,-,-,4
66,66057,Ritschenhausen,6,,332,234,70.5,23,211,614,4,-,-,-,-,2
66,66058,Rohr,12,,905,540,59.7,23,517,1534,8,-,3,-,-,1
66,66059,Rosa,8,,705,439,62.3,27,412,1225,5,-,-,-,-,3
66,66061,Roßdorf,8,,612,443,72.4,21,422,1252,3,-,-,-,-,5
66,66062,Rotterode,8,,712,478,67.1,11,467,1390,5,-,-,-,-,3
66,66063,"Schmalkalden, Kurort, Stadt",24,,14989,8175,54.5,225,7950,23509,5,5,2,-,-,12
66,66064,Schwallungen,14,,2396,1624,67.8,54,1570,4656,8,-,1,-,-,5
66,66065,Schwarza,12,,1219,646,53,34,612,1812,9,-,3,-,-,-
66,66066,Schwickershausen,6,x,319,167,52.4,7,160,722,-,-,-,-,-,6
66,66067,Springstille,8,x,558,455,81.5,17,438,2683,-,-,-,-,-,8
66,66069,"Steinbach-Hallenberg, Kurort, Stadt",20,,4935,2975,60.3,63,2912,8702,7,2,1,2,-,8
66,66071,Stepfershausen,8,,572,371,64.9,31,340,1006,-,-,-,-,-,8
66,66073,Sülzfeld,8,,732,503,68.7,17,486,1405,-,-,-,-,-,8
66,66074,Trusetal,16,,3575,1985,55.5,52,1933,5722,5,4,2,-,-,5
66,66075,Unterkatz,6,,363,239,65.8,36,203,599,4,-,-,-,-,2
66,66076,Untermaßfeld,12,,1089,558,51.2,26,532,1576,-,2,-,-,-,10
66,66077,Unterschönau,8,,546,380,69.6,30,350,1021,5,-,-,-,-,3
66,66078,Unterweid,8,,419,328,78.3,21,307,908,-,-,-,-,-,8
66,66079,Utendorf,8,x,423,337,79.7,20,317,1582,-,-,-,-,-,8
66,66081,Vachdorf,8,,734,442,60.2,20,422,1265,6,-,-,-,-,2
66,66082,Viernau,14,,1915,1093,57.1,85,1008,2978,5,6,-,-,-,3
66,66083,Wahns,6,,389,300,77.1,6,294,857,-,-,-,-,-,6
66,66084,Wallbach,6,x,331,220,66.5,20,200,1034,-,-,-,-,-,6
66,66085,Walldorf,14,,1929,1197,62.1,30,1167,3376,3,8,3,-,-,-
66,66086,"Wasungen, Stadt",16,,3192,1533,48,66,1467,4342,5,5,2,-,-,4
66,66087,Wernshausen,16,,2672,1571,58.8,49,1522,4534,5,3,-,-,-,8
66,66088,Wölfershausen,6,,338,267,79,10,257,768,-,-,-,-,-,6
66,66091,Wolfmannshausen,6,x,378,270,71.4,5,265,1447,6,-,-,-,-,-
66,66092,"Zella-Mehlis, Stadt",24,,10380,5261,50.7,141,5120,15224,5,4,2,2,-,11
66,66093,Rhönblick,16,,2607,1805,69.2,50,1755,5212,2,2,-,-,-,12
67,67001,Apfelstädt,12,,1192,758,63.6,52,706,2088,-,2,-,-,-,10
67,67002,Aspach,6,,424,274,64.6,13,261,759,4,1,-,-,-,1
67,67003,Ballstädt,8,,635,440,69.3,25,415,1215,1,-,-,-,-,7
67,67004,Bienstädt,8,x,629,382,60.7,13,369,2124,8,-,-,-,-,-
67,67005,Brüheim,8,,412,316,76.7,21,295,877,-,-,-,-,-,8
67,67006,Bufleben,12,,917,685,74.7,50,635,1896,7,-,-,-,-,5
67,67008,Crawinkel,12,,1390,883,63.5,52,831,2435,4,-,7,-,-,1
67,67009,Dachwig,12,,1287,870,67.6,27,843,2511,2,2,4,2,-,2
67,67011,Döllstädt,12,,1039,662,63.7,22,640,1874,5,2,-,2,-,3
67,67012,Ebenheim,6,,234,183,78.2,9,174,515,2,-,-,-,-,4
67,67013,Emleben,8,,671,535,79.7,13,522,1557,3,1,-,-,-,4
67,67015,Ernstroda,12,,889,547,61.5,36,511,1493,-,1,1,-,-,10
67,67016,Eschenbergen,8,x,630,488,77.5,15,473,3161,-,-,-,8,-,-
67,67017,Finsterbergen,12,x,1273,831,65.3,39,792,7038,12,-,-,-,-,-
67,67019,"Friedrichroda, Stadt",20,,4555,2392,52.5,99,2293,6734,6,3,4,2,-,5
67,67021,Friedrichswerth,8,,457,280,61.3,13,267,780,4,-,-,-,-,4
67,67022,Friemar,12,,977,612,62.6,31,581,1718,6,-,-,-,-,6
67,67023,Fröttstädt,6,x,354,238,67.2,29,209,1081,-,-,-,-,-,6
67,67024,Gamstädt,8,,600,380,63.3,14,366,1083,1,-,-,-,-,7
67,67025,Georgenthal/Thür. Wald,14,,2383,1276,53.5,47,1229,3658,5,1,1,5,-,2
67,67026,Gierstädt,8,,728,494,67.9,28,466,1386,5,-,-,-,-,3
67,67027,Goldbach,12,,1521,864,56.8,77,787,2330,-,-,-,-,-,12
67,67029,"Gotha, Stadt",36,,38358,15583,40.6,477,15106,44839,12,10,7,-,-,7
67,67031,Grabsleben,12,,829,472,56.9,23,449,1336,5,-,-,-,-,7
67,67032,Gräfenhain,12,,1279,685,53.6,60,625,1812,-,1,6,-,-,5
67,67033,Großfahner,8,,736,543,73.8,26,517,1534,2,-,-,-,-,6
67,67035,Haina,8,,444,307,69.1,44,263,776,-,-,-,-,-,8
67,67036,Herrenhof,8,,718,497,69.2,39,458,1348,3,-,-,-,-,5
67,67037,Hochheim,8,x,455,336,73.8,11,325,2368,-,-,-,-,-,8
67,67038,Hörselgau,12,x,1103,564,51.1,44,520,5148,12,-,-,-,-,-
67,67039,Hohenkirchen,8,,675,380,56.3,22,358,1044,6,-,-,2,-,-
67,67041,Ingersleben,12,,915,522,57,33,489,1441,-,3,-,-,-,9
67,67042,Laucha,8,,459,359,78.2,16,343,1003,3,-,-,-,-,5
67,67044,Luisenthal,12,,1217,850,69.8,25,825,2421,2,1,9,-,-,-
67,67045,Mechterstädt,12,,1013,703,69.4,27,676,1986,4,-,8,-,-,-
67,67046,Metebach,6,x,128,70,54.7,4,66,249,-,-,-,-,-,6
67,67047,Molschleben,12,,979,590,60.3,35,555,1637,10,-,1,-,-,1
67,67048,Mühlberg,12,,1109,749,67.5,23,726,2136,6,1,2,-,-,3
67,67051,Neudietendorf,16,,2518,1440,57.2,60,1380,4060,9,-,1,-,-,6
67,67052,Nottleben,6,,380,239,62.9,16,223,659,-,-,-,-,-,6
67,67053,"Ohrdruf, Stadt",20,,4942,2079,42.1,79,2000,5956,5,4,3,-,-,8
67,67054,Petriroda,6,,302,200,66.2,13,187,539,1,-,-,-,-,5
67,67055,Pferdingsleben,6,,353,261,73.9,28,233,684,1,-,-,-,-,5
67,67056,Remstädt,8,,800,494,61.8,15,479,1425,-,-,-,-,-,8
67,67059,Schwabhausen,8,,599,436,72.8,39,397,1183,5,-,-,-,-,3
67,67062,Seebergen,12,,1083,770,71.1,14,756,2251,5,-,4,2,-,1
67,67063,Sonneborn,12,,1094,726,66.4,60,666,1977,5,-,4,-,-,3
67,67064,Tabarz/Thür. Wald,16,,3633,2136,58.8,91,2045,6086,5,-,8,3,-,-
67,67065,"Tambach-Dietharz/Thür. Wald, Stadt",16,,3777,1998,52.9,117,1881,5584,5,3,3,-,-,5
67,67066,Teutleben,6,,345,269,78,34,235,691,-,-,-,-,-,6
67,67067,Tonna,14,,2516,1083,43,72,1011,2979,5,-,4,1,-,4
67,67068,Tröchtelborn,6,,283,197,69.6,15,182,538,2,-,-,-,-,4
67,67069,Trügleben,6,,301,217,72.1,19,198,590,5,-,-,-,-,1
67,67071,Tüttleben,8,,669,393,58.7,17,376,1115,5,-,-,-,-,3
67,67072,"Waltershausen, Stadt",24,,9409,4802,51,148,4654,13713,13,3,3,-,-,5
67,67073,Wandersleben,12,,1484,842,56.7,36,806,2404,6,-,2,-,-,4
67,67074,Wangenheim,8,,593,418,70.5,28,390,1148,-,-,3,-,-,5
67,67075,Warza,8,x,647,415,64.1,9,406,2534,-,-,-,-,-,8
67,67077,Weingarten,6,,149,122,81.9,7,115,344,-,-,-,-,-,6
67,67078,Westhausen,8,,405,269,66.4,25,244,712,-,-,-,-,-,8
67,67081,Wölfis,12,,1399,890,63.6,57,833,2499,2,2,4,-,-,4
67,67082,Zimmernsupra,6,,312,237,76,11,226,667,-,-,-,-,-,6
67,67083,Leinatal,16,,3346,1887,56.4,123,1764,5292,7,-,4,1,-,4
67,67084,Emsetal,16,,2671,1673,62.6,55,1618,4745,10,-,-,2,-,4
67,67085,Günthersleben-Wechmar,16,,2591,1545,59.6,57,1488,4438,6,-,9,-,-,1
68,68001,Alperstedt,8,,580,394,67.9,37,357,1060,-,-,-,-,-,8
68,68002,Andisleben,8,x,489,306,62.6,15,291,1889,-,-,8,-,-,-
68,68003,Beichlingen,8,,484,302,62.4,26,276,817,-,-,-,-,-,8
68,68004,Bilzingsleben,8,,668,537,80.4,84,453,1353,3,-,-,-,-,5
68,68005,Büchel,6,x,217,129,59.4,9,120,634,-,-,-,-,-,6
68,68006,"Buttstädt, Stadt",14,,2263,1319,58.3,119,1200,3501,4,-,1,8,-,1
68,68007,Eckstedt,8,,510,329,64.5,22,307,902,-,-,3,-,-,5
68,68008,Ellersleben,6,x,238,166,69.7,2,164,836,-,-,-,-,-,6
68,68009,Elxleben,14,,2007,1069,53.3,50,1019,2985,11,3,-,-,-,-
68,68011,Eßleben-Teutleben,6,x,276,210,76.1,6,204,1086,-,-,-,-,-,6
68,68012,Frömmstedt,8,x,478,242,50.6,29,213,1360,-,-,8,-,-,-
68,68013,Gangloffsömmern,12,x,913,402,44,10,392,2814,-,-,-,-,-,12
68,68014,"Gebesee, Stadt",14,,1920,1041,54.2,40,1001,2931,3,3,-,8,-,-
68,68015,Griefstedt,6,,266,208,78.2,14,194,573,-,-,-,-,-,6
68,68016,Großbrembach,8,,685,416,60.7,35,381,1118,6,-,-,-,-,2
68,68017,Großmölsen,6,,214,160,74.8,20,140,408,-,-,-,-,-,6
68,68018,Großmonra,12,,836,509,60.9,47,462,1260,-,-,-,-,-,12
68,68019,Großneuhausen,8,,684,401,58.6,71,330,971,-,-,-,2,-,6
68,68021,Großrudestedt,14,,1750,1241,70.9,47,1194,3531,6,-,1,-,-,7
68,68022,Günstedt,8,,701,498,71,27,471,1395,-,-,-,-,-,8
68,68023,Guthmannshausen,8,x,718,441,61.4,14,427,2768,-,-,-,-,-,8
68,68024,Hardisleben,8,x,517,323,62.5,14,309,1837,-,-,-,-,-,8
68,68025,Haßleben,12,x,904,479,53,25,454,3018,-,-,-,-,-,12
68,68026,Henschleben,6,x,326,172,52.8,15,157,610,-,-,-,-,-,6
68,68027,Herrnschwende,6,,270,238,88.1,10,228,682,-,-,-,-,-,6
68,68028,Kannawurf,12,,832,405,48.7,19,386,1130,-,-,-,-,-,12
68,68029,"Kindelbrück, Stadt",14,,1628,939,57.7,56,883,2578,3,-,1,-,-,10
68,68031,Kleinbrembach,6,,299,259,86.6,6,253,740,2,-,-,-,-,4
68,68032,Kleinmölsen,6,,317,230,72.6,20,210,628,-,-,-,-,-,6
68,68033,Kleinneuhausen,6,x,363,221,60.9,25,196,867,6,-,-,-,-,-
68,68034,"Kölleda, Stadt",20,,4896,2277,46.5,84,2193,6503,12,4,2,-,-,2
68,68035,Mannstedt,6,x,327,207,63.3,18,189,819,-,-,-,-,-,6
68,68036,Markvippach,8,,472,367,77.8,13,354,1053,6,-,-,-,-,2
68,68037,Nöda,8,x,681,498,73.1,47,451,2596,8,-,-,-,-,-
68,68038,Olbersleben,8,x,666,373,56,26,347,2202,-,-,-,-,-,8
68,68039,Ollendorf,6,x,417,249,59.7,16,233,1159,-,-,-,-,-,6
68,68041,Ostramondra,8,,472,360,76.3,8,352,1023,-,-,-,-,-,8
68,68042,"Rastenberg, Stadt",16,,2383,1250,52.5,68,1182,3537,7,-,4,5,-,-
68,68043,Riethgen,6,x,242,135,55.8,4,131,622,-,-,-,-,-,6
68,68044,Riethnordhausen,12,,945,545,57.7,28,517,1412,2,-,-,-,-,10
68,68045,Ringleben,8,,464,306,65.9,20,286,839,6,-,-,-,-,2
68,68046,Rudersdorf,6,x,302,255,84.4,5,250,1456,-,-,-,-,-,6
68,68047,Schillingstedt,6,x,247,130,52.6,3,127,623,6,-,-,-,-,-
68,68048,Schloßvippach,12,,1263,832,65.9,69,763,2250,4,-,-,-,-,8
68,68049,Schwerstedt,8,,557,381,68.4,32,349,1014,-,-,-,5,-,3
68,68051,"Sömmerda, Stadt",30,,17706,8301,46.9,315,7986,23521,9,15,2,-,-,4
68,68052,Sprötau,8,x,618,399,64.6,10,389,2856,-,-,-,-,-,8
68,68053,Straußfurt,14,,1629,901,55.3,38,863,2555,-,-,-,-,-,14
68,68055,Udestedt,8,,678,413,60.9,32,381,1116,-,-,3,-,-,5
68,68056,Vogelsberg,8,x,653,474,72.6,44,430,2573,-,-,-,-,-,8
68,68057,Walschleben,12,,1575,967,61.4,37,930,2744,5,5,2,-,-,-
68,68058,"Weißensee, Stadt",16,,3161,1931,61.1,69,1862,5547,10,-,2,-,-,4
68,68059,Werningshausen,8,,624,446,71.5,46,400,1167,2,-,-,2,-,4
68,68061,Witterda,12,,959,568,59.2,32,536,1578,8,-,-,-,-,4
68,68062,Wundersleben,8,,639,436,68.2,14,422,1261,5,-,-,-,-,3
69,69001,Ahlstädt,6,x,122,93,76.2,1,92,399,-,-,-,-,-,6
69,69002,"Bad Colberg-Heldburg, Stadt",14,,1939,1109,57.2,42,1067,3022,2,3,1,1,-,7
69,69003,Beinerstadt,6,,312,206,66,5,201,598,-,2,-,-,-,4
69,69004,Bischofrod,6,x,162,133,82.1,4,129,713,-,-,-,-,-,6
69,69005,Bockstadt,6,,263,223,84.8,9,214,640,-,-,-,-,-,6
69,69006,Brünn/Thür. Wald,6,,378,251,66.4,13,238,709,-,-,-,-,-,6
69,69008,Dingsleben,6,,218,154,70.6,9,145,429,-,-,-,-,-,6
69,69009,Ehrenberg,6,,187,156,83.4,2,154,457,-,-,-,4,-,2
69,69011,Eichenberg,6,x,167,120,71.9,1,119,666,-,-,-,-,-,6
69,69012,"Eisfeld, Stadt",20,,4928,2370,48.1,72,2298,6838,8,4,2,-,-,6
69,69014,Gleichamberg,16,,2492,1440,57.8,33,1407,4185,3,-,-,2,-,11
69,69015,Gompertshausen,8,,403,328,81.4,4,324,956,-,-,-,-,-,8
69,69016,Grimmelshausen,6,,177,151,85.3,6,145,431,2,-,-,-,-,4
69,69017,Grub,6,,189,133,70.4,6,127,381,-,-,-,-,-,6
69,69018,Haina,12,,901,521,57.8,47,474,1391,-,-,1,-,-,11
69,69019,Hellingen,12,,960,755,78.6,21,734,2188,1,-,4,-,-,7
69,69021,Henfstädt,6,,317,212,66.9,22,190,566,-,-,-,-,-,6
69,69024,"Hildburghausen, Stadt",24,,10268,4220,41.1,139,4081,12097,5,8,3,-,-,8
69,69025,Kloster Veßra,6,,297,188,63.3,12,176,524,-,-,-,-,-,6
69,69026,Lengfeld,6,,416,305,73.3,5,300,891,-,-,-,-,-,6
69,69028,Marisfeld,6,,396,305,77,10,295,875,-,-,-,-,-,6
69,69031,Mendhausen,6,,255,205,80.4,14,191,568,-,-,-,-,-,6
69,69032,Milz,12,,829,515,62.1,27,488,1445,6,-,-,-,-,6
69,69035,Oberstadt,6,,367,269,73.3,32,237,687,-,-,-,-,-,6
69,69037,Reurieth,8,,802,535,66.7,45,490,1443,-,-,-,-,-,8
69,69038,"Römhild, Stadt",12,,1580,1028,65.1,50,978,2896,-,3,2,-,-,7
69,69039,Sachsenbrunn,14,,1987,1142,57.5,36,1106,3294,3,-,-,3,-,8
69,69041,Schlechtsart,6,x,138,124,89.9,8,116,632,-,-,-,-,-,6
69,69042,Schleusegrund,16,,2896,1486,51.3,67,1419,4173,7,-,7,-,-,2
69,69043,"Schleusingen, Stadt",20,,5009,2584,51.6,51,2533,7422,12,3,3,-,-,2
69,69044,Schmeheim,6,,313,254,81.2,15,239,716,-,-,-,-,-,6
69,69046,Schweickershausen,6,x,128,116,90.6,8,108,553,-,-,-,-,-,6
69,69047,St.Bernhard,6,x,232,116,50,2,114,493,-,-,-,-,-,6
69,69048,St.Kilian,16,,2744,1676,61.1,50,1626,4788,2,3,-,-,-,11
69,69049,Straufhain,16,,2434,1336,54.9,32,1304,3883,-,-,-,-,-,16
69,69051,"Themar, Stadt",16,,2628,1381,52.5,34,1347,4001,10,4,2,-,-,-
69,69052,"Ummerstadt, Stadt",8,,427,338,79.2,12,326,971,2,-,-,-,-,6
69,69053,Veilsdorf,16,,2684,1152,42.9,35,1117,3319,3,1,2,1,-,9
69,69055,Westenfeld,6,,342,282,82.5,12,270,804,-,-,-,-,-,6
69,69056,Westhausen,8,,479,343,71.6,12,331,988,-,2,-,-,-,6
69,69058,Auengrund,16,,2824,1591,56.3,43,1548,4584,6,1,-,1,-,8
69,69059,Nahetal-Waldau,16,,2831,1495,52.8,63,1432,4244,3,-,9,-,-,4
69,69061,Masserberg,14,,2526,1335,52.9,80,1255,3709,5,2,4,-,-,3
70,70001,Alkersleben,6,,297,227,76.4,16,211,627,-,-,-,-,-,6
70,70002,Altenfeld,12,,983,591,60.1,48,543,1602,1,-,5,-,-,6
70,70003,Angelroda,6,,375,264,70.4,27,237,704,4,-,-,-,-,2
70,70004,"Arnstadt,Stadt",30,,21182,9031,42.6,318,8713,25828,7,9,4,2,-,8
70,70005,Böhlen,8,,622,467,75.1,41,426,1253,5,1,-,-,-,2
70,70006,Bösleben-Wüllersleben,8,,565,396,70.1,22,374,1101,2,-,1,-,-,5
70,70008,Dornheim,8,,481,361,75.1,16,345,1027,-,-,-,-,-,8
70,70011,Elgersburg,12,,1023,694,67.8,23,671,1989,7,-,-,-,-,5
70,70012,Elleben,8,,772,654,84.7,7,647,1926,-,-,-,-,-,8
70,70013,Elxleben,8,,533,408,76.5,16,392,1156,4,-,1,-,-,3
70,70014,Frankenhain,8,,744,482,64.8,35,447,1301,-,2,-,-,-,6
70,70015,Frauenwald,12,,951,703,73.9,35,668,1987,5,-,-,-,-,7
70,70016,Friedersdorf,6,x,192,125,65.1,9,116,617,-,-,-,-,-,6
70,70017,Gehlberg,8,,560,391,69.8,36,355,1046,-,-,-,-,-,8
70,70018,"Gehren, Stadt",16,,3128,1806,57.7,82,1724,5120,5,3,1,-,-,7
70,70019,Geraberg,14,,2242,1532,68.3,43,1489,4425,1,-,1,-,-,12
70,70021,Geschwenda,14,,1961,1212,61.8,50,1162,3261,3,-,1,-,-,10
70,70022,Gillersdorf,6,,281,223,79.4,15,208,615,-,-,-,-,-,6
70,70023,Gossel,8,,456,317,69.5,14,303,887,3,-,-,-,-,5
70,70024,Gräfenroda,16,,3075,1430,46.5,74,1356,3971,9,2,5,-,-,-
70,70025,"Großbreitenbach, Stadt",16,,2561,1322,51.6,59,1263,3727,6,-,-,-,-,10
70,70027,Herschdorf,12,,876,689,78.7,24,665,1956,4,-,-,3,-,5
70,70028,Ichtershausen,16,,3297,1935,58.7,68,1867,5514,9,3,-,-,-,4
70,70029,"Ilmenau, Stadt",30,,22002,10527,47.8,366,10161,30037,14,7,4,-,-,5
70,70031,Kirchheim,12,,996,597,59.9,24,573,1694,5,1,-,-,-,6
70,70032,"Langewiesen, Stadt",16,,3196,1821,57,75,1746,5189,5,3,6,-,-,2
70,70033,Liebenstein,6,x,368,228,62,17,211,852,6,-,-,-,-,-
70,70034,Martinroda,8,,764,619,81,29,590,1747,2,-,-,-,-,6
70,70035,Möhrenbach,8,,639,454,71,26,428,1263,2,-,-,-,-,6
70,70037,Neusiß,6,,219,178,81.3,19,159,467,-,-,-,-,-,6
70,70038,Neustadt am Rennsteig,12,,1008,741,73.5,25,716,2101,3,4,4,-,-,1
70,70041,Osthausen-Wülfershausen,8,,457,336,73.5,20,316,915,2,-,2,2,-,2
70,70042,Pennewitz,8,x,537,377,70.2,25,352,1658,-,-,-,-,-,8
70,70043,"Plaue, Stadt",14,,1675,1037,61.9,51,986,2903,6,-,1,-,-,7
70,70044,Rockhausen,6,x,240,146,60.8,32,114,615,6,-,-,-,-,-
70,70046,Schmiedefeld am Rennsteig,14,,1711,1088,63.6,57,1031,3054,4,-,2,-,-,8
70,70048,"Stadtilm, Stadt",20,,4376,2074,47.4,49,2025,6043,7,3,6,1,-,3
70,70049,Stützerbach,12,,1503,932,62,46,886,2656,3,2,4,-,-,3
70,70051,Wachsenburggemeinde,14,,2142,1300,60.7,64,1236,3659,5,2,1,-,-,6
70,70052,Wildenspring,6,x,193,150,77.7,32,118,509,-,6,-,-,-,-
70,70053,Wipfratal,14,,2343,1461,62.4,98,1363,4055,5,2,2,-,-,5
70,70054,Witzleben,8,,576,416,72.2,19,397,1164,6,2,-,-,-,-
70,70055,Wolfsberg,16,,2820,1622,57.5,102,1520,4450,13,-,3,-,-,-
70,70056,Ilmtal,16,,3516,2100,59.7,74,2026,5998,5,-,-,-,-,11
71,71001,"Apolda, Stadt",30,,20334,8166,40.2,248,7918,23450,14,7,4,3,-,2
71,71002,Auerstedt,8,,410,299,72.9,22,277,826,-,-,-,-,-,8
71,71003,"Bad Berka, Stadt",20,,6257,3296,52.7,78,3218,9632,8,-,2,-,-,10
71,71004,"Bad Sulza, Stadt",16,,2476,1254,50.6,53,1201,3574,10,2,-,-,-,4
71,71005,Ballstedt,6,x,286,207,72.4,2,205,1139,-,-,-,-,-,6
71,71006,Bechstedtstraß,6,,239,173,72.4,10,163,485,-,-,-,-,-,6
71,71007,Berlstedt,12,,1354,804,59.4,73,731,2167,-,2,-,-,-,10
71,71008,"Blankenhain, Stadt",20,,5736,3188,55.6,105,3083,9170,6,6,1,-,-,7
71,71009,Buchfart,6,x,159,122,76.7,4,118,661,-,-,-,-,-,6
71,71011,"Buttelstedt, Stadt",12,,1174,692,58.9,50,642,1882,5,-,2,-,-,5
71,71012,Daasdorf a. Berge,6,,209,135,64.6,15,120,355,-,-,-,-,-,6
71,71013,Döbritschen,6,x,193,157,81.3,4,153,886,-,-,-,-,-,6
71,71015,Eberstedt,6,,199,174,87.4,9,165,488,5,-,-,-,-,1
71,71017,Ettersburg,8,,482,273,56.6,11,262,782,2,-,-,-,-,6
71,71018,Flurstedt,6,x,247,183,74.1,2,181,969,-,-,-,-,-,6
71,71019,Frankendorf,6,x,151,99,65.6,2,97,498,-,-,-,-,-,6
71,71021,Gebstedt,6,x,256,183,71.5,14,169,774,-,-,-,-,-,6
71,71022,Großheringen,8,,580,438,75.5,41,397,1165,7,1,-,-,-,-
71,71023,Großobringen,8,,651,489,75.1,19,470,1403,3,-,-,-,-,5
71,71025,Großschwabhausen,8,x,640,428,66.9,45,383,2734,-,-,-,-,-,8
71,71026,Gutendorf,6,x,182,97,53.3,3,94,515,-,-,-,-,-,6
71,71027,Hammerstedt,6,x,148,94,63.5,2,92,411,-,-,-,-,-,6
71,71028,Heichelheim,6,,250,180,72,24,156,467,1,-,-,-,-,5
71,71031,Hetschburg,6,x,203,159,78.3,5,154,813,-,-,-,-,-,6
71,71032,Hohenfelden,6,x,301,202,67.1,5,197,1040,-,-,-,-,-,6
71,71033,Hohlstedt,6,,193,140,72.5,17,123,356,-,-,-,-,-,6
71,71034,Hopfgarten,8,,633,451,71.2,28,423,1262,1,-,4,-,-,3
71,71035,Hottelstedt,6,,171,136,79.5,12,124,371,-,-,-,-,-,6
71,71036,Isseroda,8,,420,317,75.5,5,312,933,3,-,-,-,-,5
71,71037,Kapellendorf,6,,366,232,63.4,30,202,603,-,-,-,-,-,6
71,71038,Kiliansroda,6,,184,160,87,4,156,468,-,-,-,-,-,6
71,71039,Kleinobringen,6,x,243,167,68.7,14,153,731,-,-,-,-,-,6
71,71042,Kleinschwabhausen,6,,212,185,87.3,11,174,520,-,-,-,-,-,6
71,71043,Klettbach,12,,1097,740,67.5,42,698,2084,-,-,-,-,-,12
71,71044,Ködderitzsch,6,x,104,92,88.5,3,89,429,6,-,-,-,-,-
71,71046,"Kranichfeld, Stadt",16,,3124,1627,52.1,47,1580,4669,5,-,-,-,-,11
71,71047,Krautheim,6,x,413,270,65.4,18,252,1306,-,-,-,-,-,6
71,71048,Kromsdorf,12,,1248,830,66.5,52,778,2271,-,-,-,-,-,12
71,71049,Lehnstedt,6,,287,247,86.1,18,229,682,-,-,-,-,-,6
71,71051,Leutenthal,6,x,222,150,67.6,4,146,815,-,-,-,-,-,6
71,71052,Liebstedt,6,x,379,270,71.2,11,259,1382,-,-,-,-,-,6
71,71053,"Magdala, Stadt",14,,1656,1021,61.7,40,981,2913,6,-,-,-,-,8
71,71054,Mattstedt,8,,448,319,71.2,20,299,892,5,-,-,-,-,3
71,71055,Mechelroda,6,x,211,148,70.1,24,124,628,-,-,-,-,-,6
71,71056,Mellingen,12,,1047,670,64,43,627,1846,7,-,-,-,-,5
71,71057,Mönchenholzhausen,12,,1351,803,59.4,41,762,2275,3,-,-,-,-,9
71,71059,Nauendorf,6,x,258,169,65.5,8,161,848,-,-,-,-,-,6
71,71061,"Neumark, Stadt",8,,450,289,64.2,33,256,765,6,-,-,-,-,2
71,71062,Niederreißen,6,,190,116,61.1,13,103,303,2,-,-,-,-,4
71,71063,Niederroßla,12,,1066,649,60.9,32,617,1831,3,-,-,-,-,9
71,71064,Niedertrebra,8,,749,456,60.9,52,404,1205,6,-,-,-,-,2
71,71065,Niederzimmern,12,,847,559,66,25,534,1572,5,-,-,-,-,7
71,71066,Nirmsdorf,6,x,87,67,77,5,62,343,-,-,-,-,-,6
71,71067,Nohra,12,,1037,616,59.4,38,578,1718,2,-,-,-,-,10
71,71068,Oberreißen,6,x,172,127,73.8,2,125,612,-,-,-,-,-,6
71,71069,Obertrebra,6,,242,179,74,3,176,524,5,-,1,-,-,-
71,71071,Oettern,6,x,118,90,76.3,11,79,275,-,-,-,-,-,6
71,71072,Oßmannstedt,12,,1110,775,69.8,52,723,2115,-,-,-,-,-,12
71,71073,Ottstedt a. Berge,6,,190,171,90,12,159,473,-,-,-,-,-,6
71,71074,Pfiffelbach,8,,535,367,68.6,15,352,1053,5,-,-,-,-,3
71,71076,Ramsla,6,x,268,223,83.2,6,217,1105,-,-,-,-,-,6
71,71077,Rannstedt,6,x,172,103,59.9,5,98,413,-,-,-,-,-,6
71,71078,Reisdorf,6,,297,196,66,12,184,547,-,-,-,-,-,6
71,71079,Rittersdorf,6,,214,163,76.2,7,156,467,-,-,-,-,-,6
71,71081,Rohrbach,6,x,192,111,57.8,10,101,529,-,-,-,-,-,6
71,71082,Sachsenhausen,6,x,339,247,72.9,19,228,1137,-,-,-,-,-,6
71,71083,Schmiedehausen,6,,406,254,62.6,23,231,693,-,-,-,-,-,6
71,71085,Schwerstedt,6,,318,274,86.2,26,248,733,1,-,-,-,-,5
71,71087,Tonndorf,8,x,540,352,65.2,5,347,2458,-,-,-,-,-,8
71,71088,Troistedt,6,,185,163,88.1,6,157,468,2,-,-,-,-,4
71,71089,Umpferstedt,8,,532,327,61.5,16,311,928,2,-,-,-,-,6
71,71091,Utzberg,6,,268,210,78.4,27,183,540,-,-,-,-,-,6
71,71092,Vippachedelhausen,8,x,530,391,73.8,10,381,2604,-,-,-,-,-,8
71,71093,Vollersroda,6,x,186,106,57,1,105,547,-,-,-,-,-,6
71,71094,Wickerstedt,8,,730,506,69.3,26,480,1412,3,-,5,-,-,-
71,71095,Wiegendorf,6,,297,245,82.5,8,237,706,-,-,-,-,-,6
71,71096,Willerstedt,6,,267,197,73.8,20,177,516,4,-,-,-,-,2
71,71097,Wohlsborn,8,x,399,265,66.4,8,257,1749,-,-,-,-,-,8
71,71099,Saaleplatte,16,,2532,1488,58.8,36,1452,4260,3,-,-,-,-,13
72,72001,Bachfeld,8,,441,321,72.8,9,312,908,-,-,-,2,-,6
72,72002,Effelder-Rauenstein,16,,3343,1784,53.4,45,1739,5180,6,4,4,2,-,-
72,72005,Föritz,16,,3124,1613,51.6,45,1568,4657,9,-,2,1,-,4
72,72006,Goldisthal,6,,389,261,67.1,26,235,698,-,-,-,-,-,6
72,72009,Judenbach,14,,2295,1405,61.2,44,1361,4055,8,3,-,1,-,2
72,72011,"Lauscha, Stadt",16,,3518,1867,53.1,31,1836,5457,3,-,2,-,-,11
72,72012,Mengersgereuth-Hämmern,16,,2557,1394,54.5,32,1362,4071,4,3,-,-,-,9
72,72013,"Neuhaus am Rennweg, Stadt",20,,5234,2435,46.5,61,2374,7088,4,7,2,-,-,7
72,72014,Neuhaus-Schierschnitz,16,,2952,1644,55.7,40,1604,4744,10,4,2,-,-,-
72,72015,"Schalkau, Stadt",16,,2881,1642,57,40,1602,4755,7,5,2,-,-,2
72,72016,Scheibe-Alsbach,8,,596,385,64.6,26,359,1062,2,-,-,-,-,6
72,72017,Siegmundsburg,6,x,228,151,66.2,13,138,755,-,-,-,-,-,6
72,72018,"Sonneberg, Stadt",30,,20464,7921,38.7,221,7700,22827,14,8,5,3,-,-
72,72019,"Steinach, Stadt",16,,4156,2147,51.7,68,2079,6156,5,3,1,2,-,5
72,72021,Steinheid,12,,1187,819,69,21,798,2364,6,-,3,-,-,3
72,72022,Oberland am Rennsteig,14,,2167,1121,51.7,38,1083,3215,6,3,-,-,-,5
73,73001,Allendorf,6,,304,236,77.6,13,223,662,-,-,-,-,-,6
73,73002,Altenbeuthen,6,x,219,146,66.7,10,136,648,6,-,-,-,-,-
73,73004,Arnsgereuth,6,,238,148,62.2,3,145,427,-,-,-,-,-,6
73,73005,"Bad Blankenburg, Stadt",20,,6527,3357,51.4,100,3257,9614,9,4,2,2,-,3
73,73006,Bechstedt,6,x,161,125,77.6,2,123,692,-,-,-,-,-,6
73,73009,Birkigt,6,x,418,250,59.8,2,248,1184,-,-,-,-,-,6
73,73013,Cursdorf,8,,651,443,68,28,415,1217,5,-,3,-,-,-
73,73014,Deesbach,8,,409,351,85.8,26,325,967,-,-,-,-,-,8
73,73017,Döschnitz,6,,246,180,73.2,8,172,516,-,-,-,-,-,6
73,73021,Dröbischau,8,,445,341,76.6,44,297,869,-,-,-,-,-,8
73,73027,Goßwitz,12,,1155,690,59.7,41,649,1910,5,-,-,-,-,7
73,73028,"Gräfenthal, Stadt",14,,2210,1092,49.4,59,1033,3065,4,-,-,-,-,10
73,73029,Großkochberg,8,,570,336,58.9,23,313,934,1,-,-,-,-,7
73,73032,Heilingen,6,,272,218,80.1,11,207,611,2,-,-,-,-,4
73,73035,Hohenwarte,6,x,134,85,63.4,1,84,411,-,-,-,-,-,6
73,73036,Kamsdorf,16,,2485,1271,51.1,29,1242,3680,4,2,8,-,-,2
73,73037,Katzhütte,14,,1552,866,55.8,45,821,2403,2,4,1,-,-,7
73,73038,Kaulsdorf,16,,2559,1501,58.7,31,1470,4372,12,3,1,-,-,-
73,73042,"Königsee, Stadt",20,,4849,2900,59.8,85,2815,8308,5,3,2,2,-,8
73,73043,Könitz,12,,1454,782,53.8,57,725,2151,5,-,-,-,-,7
73,73045,Lausnitz b. Pößneck,6,,126,108,85.7,8,100,300,-,-,-,-,-,6
73,73046,"Lehesten, Stadt",14,,1724,1006,58.4,27,979,2920,4,3,5,2,-,-
73,73049,Lichte,12,,1639,873,53.3,31,842,2465,7,-,-,-,-,5
73,73051,Lichtenhain/Bergbahn,6,,304,237,78,11,226,666,-,-,3,-,-,3
73,73054,Mellenbach-Glasbach,12,,1070,780,72.9,24,756,2233,4,3,-,-,-,5
73,73055,Meura,8,,439,328,74.7,21,307,905,2,-,-,-,-,6
73,73056,Meuselbach-Schwarzmühle,12,,1222,811,66.4,42,769,2271,3,-,-,-,-,9
73,73063,Oberhain,8,,686,503,73.3,42,461,1372,-,-,-,-,-,8
73,73065,"Oberweißbach/Thür. Wald, Stadt",12,,1395,955,68.5,37,918,2716,2,-,3,-,-,7
73,73066,Piesau,8,,773,502,64.9,46,456,1342,2,1,-,-,-,5
73,73067,Probstzella,16,,3189,1714,53.7,47,1667,4963,4,2,6,-,1,3
73,73068,Reichmannsdorf,8,,807,564,69.9,24,540,1609,-,-,-,-,-,8
73,73074,Rohrbach,6,,199,158,79.4,6,152,454,4,-,2,-,-,-
73,73075,Rottenbach,14,,1727,1136,65.8,72,1064,3118,8,-,-,-,-,6
73,73076,"Rudolstadt, Stadt",30,,21810,9595,44,315,9280,27639,8,6,4,-,-,12
73,73077,"Saalfeld/Saale, Stadt",30,,23245,9395,40.4,285,9110,27143,10,8,6,2,-,4
73,73079,Schmiedefeld,12,,1044,603,57.8,26,577,1710,3,-,-,-,-,9
73,73082,Schwarzburg,8,,548,375,68.4,30,345,1015,-,-,-,3,-,5
73,73084,Sitzendorf,12,,810,542,66.9,48,494,1466,3,-,-,-,-,9
73,73094,Unterweißbach,8,,768,512,66.7,24,488,1455,-,-,-,-,-,8
73,73095,Unterwellenborn,16,,2484,1310,52.7,42,1268,3761,12,3,-,1,-,-
73,73101,Wittgendorf,6,x,173,102,59,2,100,521,-,-,-,-,-,6
73,73105,"Remda-Teichel, Stadt",16,,2735,1608,58.8,53,1555,4637,10,-,4,2,-,-
73,73106,"Leutenberg, Stadt",14,,2083,1238,59.4,61,1177,3501,5,1,-,3,-,5
73,73107,Drognitz,8,x,611,404,66.1,14,390,2332,-,-,-,-,-,8
73,73108,Saalfelder Höhe,16,,3002,1915,63.8,71,1844,5461,3,-,-,-,-,13
73,73109,Uhlstädt-Kirchhasel,20,,4808,2733,56.8,67,2666,7926,8,3,2,-,-,7
74,74001,Albersdorf,6,,223,172,77.1,19,153,456,-,-,-,-,-,6
74,74002,Altenberga,8,,611,483,79.1,4,479,1428,-,-,-,-,-,8
74,74003,Bad Klosterlausnitz,16,,3001,1587,52.9,38,1549,4592,9,3,3,-,-,1
74,74004,Bibra,6,,231,176,76.2,8,168,499,-,-,-,-,-,6
74,74005,Bobeck,6,,275,186,67.6,17,169,496,2,-,-,-,-,4
74,74006,Bollberg,6,,252,183,72.6,17,166,485,2,-,-,-,-,4
74,74007,Bremsnitz,6,x,133,113,85,1,112,457,-,-,-,-,-,6
74,74008,Bucha,12,,951,650,68.3,21,629,1877,2,-,-,-,-,10
74,74009,"Bürgel, Stadt",16,,2761,1412,51.1,54,1358,4029,5,3,2,-,-,6
74,74011,"Camburg, Stadt",16,,2522,1247,49.4,60,1187,3516,9,-,2,-,-,5
74,74012,Crossen an der Elster,12,,1701,934,54.9,23,911,2668,7,2,-,-,-,3
74,74013,"Dornburg/Saale, Stadt",8,x,790,506,64.1,13,493,2939,-,-,-,-,-,8
74,74014,Dorndorf-Steudnitz,14,,1623,836,51.5,51,785,2299,8,-,-,-,-,6
74,74016,Eichenberg,6,,380,235,61.8,19,216,641,3,-,1,-,-,2
74,74017,Eineborn,6,x,310,229,73.9,10,219,976,-,-,-,6,-,-
74,74018,"Eisenberg, Stadt",24,,9432,3867,41,120,3747,11151,7,5,7,-,-,5
74,74019,Frauenprießnitz,12,x,888,544,61.3,7,537,5217,-,-,-,-,-,12
74,74021,Freienorla,6,x,299,195,65.2,14,181,840,-,-,-,-,-,6
74,74022,Geisenhain,6,x,179,122,68.2,6,116,606,6,-,-,-,-,-
74,74024,Gneus,6,x,139,103,74.1,7,96,536,6,-,-,-,-,-
74,74025,Gösen,6,x,191,138,72.3,15,123,601,6,-,-,-,-,-
74,74026,Golmsdorf,8,x,587,311,53,14,297,1971,-,-,-,-,-,8
74,74028,Graitschen b. Bürgel,6,x,353,246,69.7,13,233,1196,-,-,-,-,-,6
74,74029,Großbockedra,6,x,166,120,72.3,2,118,611,-,-,-,-,-,6
74,74031,Großeutersdorf,6,,251,180,71.7,15,165,477,-,-,-,-,-,6
74,74032,Großlöbichau,8,,627,388,61.9,20,368,1086,5,1,-,-,-,2
74,74033,Großpürschütz,6,,350,262,74.9,9,253,754,-,-,-,-,-,6
74,74034,Gumperda,6,,345,273,79.1,8,265,783,-,-,-,4,-,2
74,74036,Hainichen,6,,176,130,73.9,1,129,384,-,-,-,-,-,6
74,74037,Hainspitz,8,,603,430,71.3,13,417,1247,-,-,-,-,-,8
74,74038,Hartmannsdorf,8,,706,409,57.9,25,384,1150,-,2,-,-,-,6
74,74039,Heideland,14,,1759,1116,63.4,67,1049,3098,4,1,-,-,-,9
74,74041,"Hermsdorf, Stadt",20,,7208,3417,47.4,84,3333,9879,5,4,7,-,-,4
74,74042,Hummelshain,8,,571,330,57.8,16,314,922,5,-,-,-,-,3
74,74043,Jenalöbnitz,6,x,120,89,74.2,4,85,483,-,-,-,-,-,6
74,74044,"Kahla, Stadt",20,,6213,2717,43.7,71,2646,7869,4,3,2,-,-,11
74,74045,Karlsdorf,6,x,87,68,78.2,4,64,341,-,-,-,-,-,6
74,74046,Kleinbockedra,6,x,39,29,74.4,4,25,108,-,-,-,-,-,6
74,74047,Kleinebersdorf,6,x,160,120,75,1,119,657,-,-,-,-,-,6
74,74048,Kleineutersdorf,6,x,354,236,66.7,12,224,1149,-,-,-,-,-,6
74,74049,Laasdorf,8,,444,330,74.3,6,324,969,-,-,-,-,-,8
74,74051,Lehesten,8,,674,487,72.3,15,472,1410,-,-,-,-,-,8
74,74052,Lindig,6,,247,222,89.9,7,215,632,3,-,-,-,-,3
74,74053,Lippersdorf-Erdmannsdorf,8,,424,327,77.1,12,315,943,2,-,-,1,-,5
74,74054,Löberschütz,6,x,145,119,82.1,12,107,512,-,-,-,-,-,6
74,74055,Mertendorf,6,x,137,93,67.9,3,90,396,-,-,-,-,-,6
74,74056,Meusebach,6,x,84,71,84.5,4,67,228,-,-,-,-,-,6
74,74057,Milda,8,,659,567,86,32,535,1587,3,-,-,-,-,5
74,74058,Möckern,6,,117,86,73.5,3,83,243,-,-,-,1,-,5
74,74059,Mörsdorf,6,,364,297,81.6,7,290,860,-,-,-,5,-,1
74,74061,Nausnitz,6,x,55,43,78.2,1,42,179,-,-,-,-,-,6
74,74063,Neuengönna,8,,523,306,58.5,27,279,823,-,1,-,-,-,7
74,74064,Oberbodnitz,6,x,220,161,73.2,2,159,647,-,-,-,-,-,6
74,74065,"Orlamünde, Stadt",12,,1080,757,70.1,30,727,2134,2,-,1,-,-,9
74,74066,Ottendorf,6,,386,255,66.1,9,246,723,5,-,-,-,-,1
74,74067,Petersberg,6,,238,175,73.5,10,165,489,-,-,-,-,-,6
74,74068,Poxdorf,6,x,90,53,58.9,2,51,279,-,-,-,-,-,6
74,74069,Quirla /Dorna,8,,455,326,71.6,7,319,957,-,-,-,1,-,7
74,74071,Rattelsdorf,6,,76,60,78.9,2,58,174,-,-,-,4,-,2
74,74072,Rauda,6,x,316,205,64.9,12,193,706,-,-,-,-,-,6
74,74073,Rauschwitz,6,x,212,115,54.2,6,109,540,-,-,-,-,-,6
74,74074,Rausdorf,6,x,156,109,69.9,5,104,537,-,-,-,-,-,6
74,74075,Reichenbach,8,,844,656,77.7,14,642,1909,5,-,-,-,-,3
74,74076,Reinstädt,8,,468,345,73.7,15,330,968,-,-,-,-,-,8
74,74077,Renthendorf,6,x,408,243,59.6,8,235,1043,-,-,-,-,-,6
74,74079,Rothenstein,12,,1145,753,65.8,50,703,2077,-,-,-,-,-,12
74,74081,Ruttersdorf-Lotschen,6,x,286,197,68.9,4,193,1066,6,-,-,-,-,-
74,74082,Scheiditz,6,x,50,41,82,2,39,216,-,-,-,-,-,6
74,74084,Schleifreisen,6,x,407,249,61.2,12,237,1296,-,-,-,-,-,6
74,74085,Schlöben,12,,770,499,64.8,30,469,1399,-,-,-,-,-,12
74,74086,Schöngleina,8,x,410,197,48,12,185,1057,-,-,-,-,-,8
74,74087,Schöps,6,,268,201,75,7,194,576,-,-,-,-,-,6
74,74089,Seitenroda,6,x,187,116,62,2,114,558,-,-,-,-,-,6
74,74091,Serba,8,,657,354,53.9,16,338,968,6,-,-,-,-,2
74,74092,Silbitz,8,,594,365,61.4,17,348,1025,-,-,-,-,-,8
74,74093,St.Gangloff,12,,1095,814,74.3,32,782,2323,-,-,-,-,-,12
74,74094,"Stadtroda, Stadt",20,,5189,2625,50.6,101,2524,7479,8,3,-,2,-,7
74,74095,Sulza,6,,266,179,67.3,4,175,523,-,-,-,-,-,6
74,74096,Tautenburg,6,x,270,209,77.4,9,200,1134,-,-,-,-,-,6
74,74097,Tautendorf,6,x,151,131,86.8,6,125,671,-,-,-,-,-,6
74,74098,Tautenhain,12,,1071,551,51.4,24,527,1576,2,3,1,-,-,6
74,74099,Thierschneck,6,x,109,80,73.4,-,80,362,-,-,-,-,-,6
74,74101,Tissa,6,x,124,98,79,4,94,471,-,-,-,-,-,6
74,74102,Trockenborn-Wolfersdorf,8,,557,455,81.7,8,447,1322,3,4,-,-,-,1
74,74103,Tröbnitz,8,,407,304,74.7,13,291,866,6,-,-,-,-,2
74,74104,Unterbodnitz,6,,170,133,78.2,17,116,347,-,-,-,-,-,6
74,74105,Waldeck,6,,238,173,72.7,20,153,454,-,-,-,-,-,6
74,74106,Walpernhain,6,x,178,136,76.4,6,130,728,-,-,-,-,-,6
74,74107,Waltersdorf,6,x,160,104,65,2,102,556,-,-,-,-,-,6
74,74108,Weißbach,6,x,118,69,58.5,1,68,385,-,-,-,-,-,6
74,74109,Weißenborn,12,,1109,576,51.9,39,537,1576,2,-,-,-,-,10
74,74112,Wichmar,6,,200,143,71.5,6,137,409,-,-,-,-,-,6
74,74113,Zimmern,6,x,168,139,82.7,7,132,776,-,-,-,-,-,6
74,74114,Zöllnitz,8,x,585,379,64.8,30,349,2318,8,-,-,-,-,-
74,74116,"Schkölen, Stadt",14,,2484,1380,55.6,66,1314,3912,5,1,-,-,-,8
75,75002,Birkenhügel,8,,404,231,57.2,12,219,648,-,-,-,-,-,8
75,75003,Blankenberg,12,,1020,626,61.4,17,609,1814,5,-,7,-,-,-
75,75004,Blankenstein,12,,786,546,69.5,14,532,1590,-,-,-,-,-,12
75,75006,Bodelwitz,8,,545,380,69.7,32,348,1038,7,-,-,1,-,-
75,75007,Breitenhain,6,x,135,107,79.3,-,107,526,-,-,-,-,-,6
75,75008,Bucha,6,x,83,70,84.3,1,69,377,-,-,-,-,-,6
75,75009,Burgk,6,,90,69,76.7,-,69,206,2,-,-,-,-,4
75,75012,Chursdorf,6,,170,146,85.9,5,141,423,2,-,-,-,-,4
75,75013,Crispendorf,6,,392,296,75.5,12,284,845,-,-,-,-,-,6
75,75014,Dittersdorf,6,x,193,138,71.5,4,134,703,6,-,-,-,-,-
75,75016,Döbritz,6,,163,107,65.6,7,100,299,-,-,-,-,-,6
75,75017,Dragensdorf,6,x,59,49,83.1,-,49,289,-,-,-,-,-,6
75,75018,Dreba,6,x,245,157,64.1,11,146,776,-,-,-,-,-,6
75,75019,Dreitzsch,6,,383,245,64,18,227,666,4,-,-,-,-,2
75,75023,Eßbach,6,,227,169,74.4,6,163,485,-,-,-,-,-,6
75,75029,Geroda,6,x,224,159,71,5,154,813,-,-,-,-,-,6
75,75031,Gertewitz,6,x,150,113,75.3,2,111,515,-,-,-,-,-,6
75,75033,Görkwitz,6,,275,221,80.4,5,216,642,4,-,-,-,-,2
75,75034,Göschitz,6,,221,176,79.6,10,166,491,-,-,-,-,-,6
75,75035,Gössitz,6,,296,238,80.4,13,225,670,1,-,-,-,-,5
75,75039,Grobengereuth,6,x,201,140,69.7,3,137,729,-,-,-,-,-,6
75,75042,Harra,12,,844,465,55.1,11,454,1346,-,1,-,-,-,11
75,75046,"Hirschberg, Stadt",14,,2148,1181,55,30,1151,3435,2,3,-,-,-,9
75,75047,Keila,6,x,73,65,89,2,63,294,-,-,-,-,-,6
75,75048,Kirschkau,6,,208,165,79.3,19,146,432,3,-,-,-,-,3
75,75049,Knau,8,,609,370,60.8,34,336,998,-,2,-,-,-,6
75,75051,Kospoda,6,x,387,243,62.8,19,224,992,-,-,-,-,-,6
75,75054,Langenorla,12,,1174,812,69.2,37,775,2279,2,-,5,-,-,5
75,75056,Lausnitz b. Neustadt an der Orla,6,x,303,185,61.1,12,173,894,-,-,-,-,-,6
75,75057,Lemnitz,6,,343,214,62.4,5,209,627,2,-,-,-,-,4
75,75061,Linda b. Neustadt an der Orla,6,x,336,237,70.5,3,234,1281,6,-,-,-,-,-
75,75062,"Lobenstein, Moorbad, Stadt",20,,5831,2738,47,49,2689,8024,3,5,5,2,-,5
75,75063,Löhma,6,,263,178,67.7,7,171,513,1,-,-,-,-,5
75,75065,Miesitz,6,x,262,188,71.8,5,183,867,-,-,-,-,-,6
75,75066,Mittelpöllnitz,6,x,264,194,73.5,2,192,1108,-,-,-,-,-,6
75,75068,Moßbach,6,,356,272,76.4,11,261,774,1,-,-,-,-,5
75,75069,Moxa,6,x,75,61,81.3,1,60,261,-,-,-,-,-,6
75,75071,Neundorf (bei Lobenstein),8,,589,391,66.4,17,374,1119,5,1,-,-,-,2
75,75072,Neundorf (bei Schleiz),6,,259,182,70.3,7,175,520,-,-,-,-,-,6
75,75073,"Neustadt an der Orla, Stadt",20,,7498,3413,45.5,107,3306,9792,3,6,3,-,-,8
75,75074,Nimritz,6,,280,218,77.9,3,215,637,2,1,2,-,-,1
75,75075,Oberoppurg,6,,175,126,72,5,121,360,4,-,-,-,-,2
75,75076,Oettersdorf,8,,744,501,67.3,11,490,1452,2,-,2,-,-,4
75,75077,Oppurg,12,,1134,672,59.3,31,641,1886,7,2,-,2,-,1
75,75079,Paska,6,,118,94,79.7,2,92,271,-,-,-,-,-,6
75,75081,Peuschen,8,,433,260,60,18,242,723,-,-,-,-,-,8
75,75082,Pillingsdorf,6,x,142,107,75.4,5,102,526,-,-,-,-,-,6
75,75083,Plothen,6,x,265,165,62.3,4,161,909,-,-,-,-,-,6
75,75084,Pörmitz,6,x,171,108,63.2,5,103,457,-,-,-,-,-,6
75,75085,"Pößneck, Stadt",24,,11627,4996,43,134,4862,14511,6,5,4,-,-,9
75,75086,Pottiga,6,x,414,201,48.6,7,194,933,-,-,-,-,-,6
75,75087,Quaschwitz,6,x,62,58,93.5,-,58,311,-,-,-,-,-,6
75,75088,"Ranis, Stadt",14,,1657,846,51.1,59,787,2317,2,-,-,-,-,12
75,75093,Rosendorf,6,x,149,115,77.2,2,113,556,-,-,-,-,-,6
75,75097,Schlegel,6,,343,213,62.1,10,203,606,-,-,-,-,-,6
75,75098,"Schleiz, Stadt",20,,7521,3577,47.6,99,3478,10316,7,5,4,-,-,4
75,75099,Schmieritz,6,,364,268,73.6,16,252,742,2,-,-,-,-,4
75,75101,Schmorda,6,x,87,74,85.1,3,71,344,-,-,-,-,-,6
75,75102,Schöndorf,6,,270,165,61.1,12,153,456,2,-,-,-,-,4
75,75103,Seisla,6,,148,124,83.8,1,123,365,2,-,-,-,-,4
75,75105,Solkwitz,6,x,61,53,86.9,3,50,240,-,-,-,-,-,6
75,75106,Stanau,6,x,128,99,77.3,8,91,473,-,-,-,-,-,6
75,75109,Tegau,6,,338,225,66.6,12,213,637,-,-,-,-,-,6
75,75114,Tömmelsdorf,6,x,108,96,88.9,2,94,545,-,-,-,-,-,6
75,75116,"Triptis, Stadt",16,,3509,1815,51.7,105,1710,5079,2,2,1,-,-,11
75,75119,Volkmannsdorf,6,x,277,170,61.4,3,167,925,-,-,-,-,-,6
75,75121,Weira,6,,371,311,83.8,14,297,887,-,-,-,-,-,6
75,75124,Wernburg,8,,620,381,61.5,23,358,1052,-,2,-,6,-,-
75,75125,Wilhelmsdorf,6,x,203,152,74.9,4,148,768,-,-,-,-,-,6
75,75127,"Ziegenrück, Stadt",8,,699,465,66.5,35,430,1278,-,-,-,-,-,8
75,75129,Krölpa,16,,2602,1472,56.6,43,1429,4240,2,2,-,-,-,12
75,75131,"Gefell, Stadt",14,,2318,1304,56.3,34,1270,3777,5,2,-,-,-,7
75,75132,"Tanna, Stadt",16,,3425,2025,59.1,60,1965,5854,8,2,-,1,-,5
75,75133,"Wurzbach,Stadt",16,,3090,1409,45.6,31,1378,4098,-,3,4,-,-,9
75,75134,Remptendorf,16,,3455,2026,58.6,80,1946,5813,6,4,-,-,-,6
75,75135,"Saalburg-Ebersdorf, Stadt",16,,3359,1762,52.5,32,1730,5179,6,2,2,3,-,3
76,76002,"Auma, Stadt",16,,2745,1325,48.3,67,1258,3706,9,1,-,-,-,6
76,76003,"Bad Köstritz, Stadt",16,,3371,1622,48.1,44,1578,4673,9,-,-,-,-,7
76,76004,"Berga/Elster, Stadt",16,,3372,1755,52,68,1687,4975,2,2,3,-,-,9
76,76006,Bethenhausen,6,x,220,140,63.6,7,133,660,-,-,-,-,-,6
76,76007,Bocka,8,,458,290,63.3,27,263,785,-,-,-,-,-,8
76,76008,Brahmenau,12,,927,640,69,36,604,1798,-,-,-,-,-,12
76,76009,Braunichswalde,8,,571,471,82.5,21,450,1336,6,1,-,-,-,1
76,76011,Braunsdorf,6,x,238,147,61.8,4,143,753,-,-,-,-,-,6
76,76012,Caaschwitz,8,x,589,369,62.6,6,363,2053,-,-,-,-,-,8
76,76014,Crimla,6,,298,213,71.5,24,189,553,-,-,-,-,-,6
76,76017,Endschütz,6,,314,211,67.2,18,193,572,-,-,-,-,-,6
76,76019,Gauern,6,x,121,105,86.8,6,99,477,-,-,-,-,-,6
76,76021,Göhren-Döhlen,6,x,117,73,62.4,2,71,388,-,-,-,-,-,6
76,76022,"Greiz, Stadt",30,,20805,9092,43.7,373,8719,25756,9,5,12,4,-,0
76,76023,Großenstein,12,,1189,768,64.6,38,730,2163,-,-,-,-,-,12
76,76024,Hain,6,x,58,56,96.6,1,55,329,-,-,-,-,-,6
76,76026,Hartmannsdorf,6,,360,197,54.7,22,175,519,-,-,-,-,-,6
76,76027,Hilbersdorf,6,,195,143,73.3,14,129,383,-,-,-,-,-,6
76,76028,Hirschfeld,6,x,116,86,74.1,5,81,394,-,-,-,-,-,6
76,76029,"Hohenleuben, Stadt",12,,1485,951,64,32,919,2706,2,4,-,4,-,2
76,76031,Hohenölsen,8,,560,385,68.8,22,363,1078,-,-,2,-,-,6
76,76033,Hundhaupten,8,,328,271,82.6,14,257,756,-,-,-,-,-,8
76,76034,Kauern,6,x,382,116,30.4,32,84,348,-,-,-,-,-,6
76,76036,Korbußen,8,,409,367,89.7,20,347,1032,-,-,-,-,-,8
76,76038,Kühdorf,6,x,61,44,72.1,2,42,241,-,-,-,-,-,6
76,76039,Langenwetzendorf,16,,3217,1695,52.7,55,1640,4863,5,3,-,-,-,8
76,76041,Langenwolschendorf,8,,821,574,69.9,32,542,1609,5,-,-,-,-,3
76,76042,Lederhose,6,,252,172,68.3,15,157,468,-,-,-,-,-,6
76,76043,Linda b. Weida,6,,414,268,64.7,18,250,741,4,-,-,-,-,2
76,76044,Lindenkreuz,8,,426,253,59.4,23,230,677,-,-,-,-,-,8
76,76045,Lunzig,6,,163,112,68.7,8,104,311,-,-,-,-,-,6
76,76046,Merkendorf,6,x,268,197,73.5,6,191,1050,-,-,-,-,-,6
76,76047,Mohlsdorf,16,,2556,1478,57.8,56,1422,4231,10,-,-,-,-,6
76,76049,"Münchenbernsdorf, Stadt",16,,2906,1520,52.3,59,1461,4374,6,3,-,-,-,7
76,76051,Neugernsdorf,6,,146,111,76,14,97,287,-,-,-,-,-,6
76,76052,Neumühle/Elster,6,,452,323,71.5,13,310,895,-,1,-,-,-,5
76,76055,Paitzdorf,6,,366,280,76.5,29,251,740,-,-,-,-,-,6
76,76058,Pölzig,12,,1156,653,56.5,54,599,1750,-,-,-,-,-,12
76,76059,Reichstädt,6,x,340,221,65,11,210,1078,-,-,-,-,-,6
76,76061,"Ronneburg, Stadt",20,,4789,2466,51.5,89,2377,7066,8,4,4,-,-,4
76,76062,Rückersdorf,8,,706,476,67.4,10,466,1387,-,1,-,-,-,7
76,76064,Saara,8,,610,417,68.4,37,380,1131,4,-,-,-,-,4
76,76065,Schömberg,6,x,110,90,81.8,10,80,435,-,-,-,-,-,6
76,76067,Schwaara,6,x,129,101,78.3,9,92,527,-,-,-,-,-,6
76,76068,Schwarzbach,6,x,208,149,71.6,12,137,748,-,-,-,-,-,6
76,76069,Seelingstädt,12,,1312,859,65.5,29,830,2407,3,-,-,-,-,9
76,76071,Silberfeld,6,x,88,76,86.4,1,75,410,-,-,-,-,-,6
76,76072,Staitz,6,,273,166,60.8,15,151,444,-,-,-,-,-,6
76,76073,Steinsdorf,8,,627,412,65.7,11,401,1190,-,2,-,-,-,6
76,76074,Teichwitz,6,x,105,70,66.7,2,68,368,-,-,-,-,-,6
76,76075,Teichwolframsdorf,14,,2311,1332,57.6,97,1235,3660,7,2,2,-,-,3
76,76077,"Triebes, Stadt",16,,3422,1862,54.4,62,1800,5299,12,2,2,-,-,-
76,76079,"Weida, Stadt",20,,7182,3067,42.7,117,2950,8702,8,5,1,-,-,6
76,76081,Weißendorf,6,x,304,202,66.4,5,197,867,-,-,-,-,-,6
76,76082,Wiebelsdorf,6,x,228,163,71.5,10,153,778,-,-,-,-,-,6
76,76083,Wildetaube,8,,604,368,60.9,21,347,1031,6,-,-,-,-,2
76,76084,Wünschendorf/Elster,16,,2806,1441,51.4,57,1384,4090,2,-,-,-,-,14
76,76085,Zadelsdorf,6,x,147,98,66.7,-,98,530,-,-,-,-,-,6
76,76086,Zedlitz,8,x,643,429,66.7,16,413,2839,-,-,-,-,-,8
76,76087,"Zeulenroda, Stadt",24,,11341,5167,45.6,156,5011,14847,13,5,3,-,-,3
76,76088,Harth-Pöllnitz,16,,2810,1699,60.5,51,1648,4884,6,-,-,1,-,9
76,76089,Kraftsdorf,16,,3676,2050,55.8,123,1927,5695,3,1,-,-,-,12
76,76091,Vogtländisches Oberland,16,,2696,1549,57.5,66,1483,4408,2,-,-,-,-,14
77,77001,"Altenburg, Stadt",36,,33017,12780,38.7,392,12388,36778,14,12,10,-,-,-
77,77002,Altkirchen,12,,984,666,67.7,23,643,1896,-,-,-,-,-,12
77,77003,Dobitschen,8,,488,278,57,20,258,764,-,-,-,-,-,8
77,77004,Drogen,6,,117,88,75.2,5,83,249,-,-,-,-,-,6
77,77005,Fockendorf,8,,761,486,63.9,60,426,1230,-,-,-,-,-,8
77,77006,Frohnsdorf,6,,274,207,75.5,11,196,581,-,-,-,-,-,6
77,77007,Gerstenberg,8,,514,308,59.9,36,272,793,-,-,-,-,-,8
77,77008,Göhren,8,,445,304,68.3,20,284,837,-,-,-,-,-,8
77,77009,Göllnitz,6,,329,224,68.1,19,205,611,-,-,-,-,-,6
77,77011,Göpfersdorf,6,,193,151,78.2,3,148,443,-,-,-,-,-,6
77,77012,"Gößnitz, Stadt",16,,3529,1994,56.5,80,1914,5684,3,-,3,-,-,10
77,77013,Großröda,6,,318,175,55,17,158,468,-,-,-,-,-,6
77,77015,Haselbach,8,,730,325,44.5,29,296,862,-,-,-,-,-,8
77,77016,Heukewalde,6,,195,157,80.5,6,151,448,2,-,-,-,-,4
77,77017,Heyersdorf,6,x,122,89,73,4,85,462,-,-,-,-,-,6
77,77018,Jonaswalde,6,,278,192,69.1,10,182,545,-,-,-,-,-,6
77,77019,Jückelberg,6,,290,184,63.4,11,173,502,-,-,-,-,-,6
77,77022,Kriebitzsch,12,,1070,672,62.8,72,600,1745,-,7,-,-,-,5
77,77023,Langenleuba-Niederhain,14,,1718,876,51,53,823,2387,8,2,-,-,-,4
77,77026,Löbichau,12,,1009,524,51.9,33,491,1449,1,-,-,-,-,11
77,77027,Lödla,8,,687,431,62.7,25,406,1197,-,-,7,-,-,1
77,77028,"Lucka, Stadt",16,,4023,1679,41.7,85,1594,4688,6,-,3,-,-,7
77,77029,Lumpzig,8,,563,333,59.1,22,311,915,-,-,1,-,-,7
77,77031,Mehna,6,x,297,195,65.7,5,190,760,-,-,-,-,-,6
77,77032,"Meuselwitz, Stadt",20,,8339,3535,42.4,126,3409,10109,8,6,2,-,-,4
77,77034,Monstab,8,,431,277,64.3,20,257,766,2,-,-,-,-,6
77,77035,Naundorf,8,,439,318,72.4,28,290,858,-,-,-,-,-,8
77,77036,Nobitz,16,,3263,1423,43.6,40,1383,4109,4,3,3,-,-,6
77,77037,Nöbdenitz,12,,899,568,63.2,34,534,1578,-,1,-,-,-,11
77,77039,Ponitz,12,,1469,721,49.1,26,695,2047,8,2,2,-,-,-
77,77041,Posterstein,8,,393,272,69.2,18,254,757,1,-,-,-,-,7
77,77042,Rositz,16,,2718,1257,46.2,51,1206,3569,6,4,3,-,-,3
77,77043,"Schmölln, Stadt",24,,10576,4744,44.9,152,4592,13591,11,6,4,1,-,2
77,77044,Starkenberg,12,,1042,618,59.3,47,571,1697,4,1,7,-,-,-
77,77046,Tegkwitz,6,x,272,178,65.4,31,147,741,-,-,-,-,-,6
77,77047,Thonhausen,8,,542,320,59,33,287,797,-,-,-,-,-,8
77,77048,Treben,8,,861,501,58.2,21,480,1440,6,-,-,-,-,2
77,77049,Vollmershain,6,,277,178,64.3,8,170,508,3,-,-,-,-,3
77,77051,Wildenbörten,6,,315,198,62.9,9,189,562,-,-,-,-,-,6
77,77052,Windischleuba,14,,1963,973,49.6,46,927,2748,8,-,-,-,2,4
77,77053,Wintersdorf,16,,2517,1273,50.6,76,1197,3493,6,-,1,-,-,9
77,77055,Ziegelheim,8,,808,439,54.3,28,411,1215,-,-,-,-,-,8
77,77056,Saara,16,,2649,1290,48.7,34,1256,3734,11,4,-,-,-,1
