City,Year,Index
Aachen,2008,0.249235294117647
Aachen,2009,0.3282572614107883
Aachen,2010,0.2496470588235294
Aachen,2011,0.368078431372549
Aachen,2012,0.2842352941176471
Aachen,2013,0.2652323651452282
Aachen,2014,0.2998547717842323
Aachen,2015,0.2753070539419087
Aachen,2016,0.4115686274509804
Aachen,2017,0.2276970954356846
Aachen,2018,0.2171960784313725
Aachen,2019,0.2178298755186722
Aachen,2020,0.210804979253112
Aachen,2021,0.3387178423236514
Aachen,2022,0.2075881742738589
Aachen,2023,0.2284730290456431
Aachen,2024,0.3339803921568627
Aachen,2025,0.309078431372549
Aalen,2021,0.2773267973856209
Aalen,2022,0.1982282157676348
Aalen,2023,0.2218174273858921
Aalen,2024,0.2590980392156863
Aalen,2025,0.3273725490196079
Altenburg,2019,0.2712941176470588
Altenburg,2020,0.2039917012448132
Altenburg,2021,0.2135294117647058
Altenburg,2022,0.3509215686274509
Altenburg,2023,0.2281372549019608
Altenburg,2024,0.2741029411764705
Altenburg,2025,0.2932178423236514
Andechs,2012,0.2543725490196079
Andechs,2013,0.2600980392156863
Andechs,2014,0.2905020746887967
Andechs,2015,0.2394705882352941
Andechs,2016,0.3754248366013071
Andechs,2017,0.2596307053941908
Andechs,2018,0.2108381742738589
Andechs,2019,0.2125392156862745
Andechs,2020,0.2850414937759336
Andechs,2021,0.3219336099585062
Andechs,2022,0.2682549019607843
Andechs,2023,0.2852549019607843
Andechs,2024,0.2692352941176471
Andechs,2025,0.3358039215686275
Annaberg-Buchholz,2012,0.2151659751037344
Annaberg-Buchholz,2013,0.2704509803921568
Annaberg-Buchholz,2014,0.2164607843137255
Annaberg-Buchholz,2021,0.2237759336099585
Annaberg-Buchholz,2022,0.2239803921568627
Annaberg-Buchholz,2023,0.2385643153526971
Annaberg-Buchholz,2024,0.2190746887966805
Annaberg-Buchholz,2025,0.4500792079207921
Arzberg,2012,0.1755294117647058
Aschaffenburg,2011,0.2230207468879668
Aschaffenburg,2012,0.3576666666666666
Aue,2003,0.220850622406639
Aue,2004,0.2703465346534653
Aue,2005,0.3207058823529412
Aue,2006,0.2774937759336099
Aue,2007,0.2758823529411764
Aue,2008,0.2506862745098039
Aue,2009,0.2648921161825726
Aue,2010,0.232759336099585
Aue,2011,0.329921568627451
Aue,2012,0.3150980392156863
Aue,2013,0.2177053941908713
Aue,2014,0.2120165975103734
Aue,2015,0.2744117647058823
Aue,2016,0.3023725490196078
Aue,2017,0.2476307053941908
Aue,2018,0.2306265560165975
Aue,2019,0.3611618257261411
Aue,2020,0.2483734439834024
Aue,2021,0.2449917012448133
Aue,2022,0.232609958506224
Aue,2023,0.2120788381742738
Aue,2024,0.1901452282157676
Aue,2025,0.244713692946058
Augsburg,2008,0.2347254901960784
Augsburg,2009,0.2219004149377593
Augsburg,2010,0.2243817427385892
Augsburg,2011,0.2172614107883817
Augsburg,2012,0.2408215767634854
Augsburg,2013,0.2383775933609958
Augsburg,2014,0.2518506224066389
Augsburg,2015,0.1951369294605809
Augsburg,2016,0.5032745098039216
Augsburg,2017,0.2436666666666666
Augsburg,2018,0.211308713692946
Augsburg,2019,0.2631490196078432
Augsburg,2020,0.2404273858921161
Augsburg,2021,0.2338627450980392
Augsburg,2022,0.1932581699346405
Augsburg,2023,0.2208235294117647
Augsburg,2024,0.2335098039215686
Augsburg,2025,0.2263333333333333
Bad Arolsen,2009,0.4480294117647058
Bad Arolsen,2010,0.2237647058823529
Bad Arolsen,2011,0.4661925133689839
Bad Arolsen,2012,0.2333333333333333
Bad Arolsen,2013,0.2422406639004149
Bad Arolsen,2014,0.2400173267326732
Bad Arolsen,2015,0.2109211618257261
Bad Arolsen,2016,0.1976058091286306
Bad Arolsen,2017,0.2367510373443983
Bad Arolsen,2018,0.2204522821576763
Bad Arolsen,2019,0.2139751037344398
Bad Arolsen,2020,0.1891372549019608
Bad Arolsen,2021,0.2542549019607843
Bad Arolsen,2022,0.2238431372549019
Bad Arolsen,2023,0.2051473029045643
Bad Belzig,2014,0.2481862745098039
Bad Belzig,2016,0.2264688796680498
Bad Belzig,2017,0.3208039215686274
Bad Belzig,2018,0.2269294605809128
Bad Belzig,2019,0.2892509803921568
Bad Belzig,2020,0.2276161825726141
Bad Belzig,2021,0.265921568627451
Bad Belzig,2022,0.2469333333333333
Bad Belzig,2023,0.2744901960784314
Bad Belzig,2024,0.3027450980392157
Bad Belzig,2025,0.2547745098039216
Bad Kreuznach(Verbandsfreie Geme,2008,0.2127883817427385
Bad Kreuznach(Verbandsfreie Geme,2009,0.2415686274509804
Bad Kreuznach(Verbandsfreie Geme,2010,0.2893725490196078
Bad Kreuznach(Verbandsfreie Geme,2011,0.2747058823529412
Bad Kreuznach(Verbandsfreie Geme,2012,0.3102549019607843
Bad Kreuznach(Verbandsfreie Geme,2013,0.2039751037344398
Bad Kreuznach(Verbandsfreie Geme,2014,0.919881188118812
Bad Kreuznach(Verbandsfreie Geme,2015,0.2364813278008298
Bad Kreuznach(Verbandsfreie Geme,2016,0.2377843137254901
Bad Kreuznach(Verbandsfreie Geme,2017,0.3406078431372549
Bad Kreuznach(Verbandsfreie Geme,2018,0.2034771784232365
Bad Kreuznach(Verbandsfreie Geme,2019,0.2782549019607843
Bad Kreuznach(Verbandsfreie Geme,2020,0.2047219917012448
Bad Kreuznach(Verbandsfreie Geme,2021,0.2848039215686274
Bad Kreuznach(Verbandsfreie Geme,2022,0.2581960784313725
Bad Kreuznach(Verbandsfreie Geme,2023,0.2436078431372549
Baden-Baden,2021,0.2513333333333333
Baden-Baden,2022,0.1953651452282157
Baden-Baden,2023,0.2885186721991701
Baden-Baden,2024,0.2753333333333333
Baden-Baden,2025,0.2264313725490196
Bautzen,2021,0.3148235294117647
Bautzen,2022,0.3481830065359477
Bautzen,2023,0.2933529411764706
Bautzen,2024,0.2409211618257261
Bautzen,2025,0.2393900414937759
Bebra,2023,0.3313402489626555
Bebra,2024,0.291746887966805
Bebra,2025,0.2011960784313725
Bergen auf Rügen,2019,0.2725098039215686
Bergen auf Rügen,2020,0.3400980392156862
Bergen auf Rügen,2021,0.2070414937759336
Bergen auf Rügen,2022,0.2048235294117647
Bergen auf Rügen,2023,0.21601244813278
Bergen auf Rügen,2024,0.1927261410788381
Bergen auf Rügen,2025,0.2417759336099585
Berlin,2008,0.1923651452282157
Berlin,2009,0.2240392156862745
Berlin,2010,0.2265186721991701
Berlin,2011,0.2423858921161825
Berlin,2012,0.2557843137254902
Berlin,2013,0.2076390041493775
Berlin,2014,0.2120980392156863
Berlin,2015,0.2116327800829875
Berlin,2016,0.1863235294117647
Berlin,2017,0.2815098039215686
Berlin,2018,0.2686078431372549
Berlin,2019,0.2622745098039216
Berlin,2020,0.3011176470588235
Berlin,2021,0.2426470588235294
Berlin,2022,0.2205394190871369
Berlin,2023,0.2525196078431372
Berlin,2024,0.1971576763485477
Bernau bei Berlin,2008,0.2962821576763485
Biberach an der Riß,2021,0.2785882352941176
Biberach an der Riß,2022,0.2807302904564315
Biberach an der Riß,2023,0.2305980392156862
Biberach an der Riß,2024,0.2297717842323651
Biberach an der Riß,2025,0.221908713692946
Bielefeld,2008,0.2486470588235294
Bielefeld,2009,0.2643692946058091
Bielefeld,2010,0.3776498599439776
Bielefeld,2011,0.3614705882352941
Bielefeld,2012,0.2398431372549019
Bielefeld,2013,0.2170622406639004
Bielefeld,2014,0.2682489626556016
Bielefeld,2015,0.3892745098039216
Bielefeld,2016,0.2835098039215686
Bielefeld,2017,0.2489460580912863
Bielefeld,2018,0.222078431372549
Bielefeld,2019,0.3230248962655602
Bielefeld,2020,0.2170497925311203
Bielefeld,2021,0.4678235294117647
Bielefeld,2022,0.2148298755186722
Bielefeld,2023,0.1955829875518672
Bielefeld,2024,0.2542254901960784
Bielefeld,2025,0.281656862745098
Bitterfeld-Wolfen,2023,0.1890497925311203
Bitterfeld-Wolfen,2024,0.2752240663900415
Bitterfeld-Wolfen,2025,0.2267450980392157
Blankenfelde-Mahlow,2013,0.2223029045643153
Blankenfelde-Mahlow,2014,0.2367634854771784
Blankenfelde-Mahlow,2015,0.2441991701244813
Blankenfelde-Mahlow,2016,0.1881825726141079
Blankenfelde-Mahlow,2017,0.217103734439834
Blankenfelde-Mahlow,2018,0.3873529411764705
Blankenfelde-Mahlow,2019,0.2032287581699346
Blankenfelde-Mahlow,2020,0.1699803921568627
Blankenfelde-Mahlow,2021,0.2489751037344398
Blankenfelde-Mahlow,2022,0.3142009803921568
Blankenfelde-Mahlow,2023,0.2128921161825726
Blankenfelde-Mahlow,2024,0.2278235294117647
Blankenfelde-Mahlow,2025,0.3528235294117647
Bokhorst-Wankendorf,2009,0.2585490196078431
Bokhorst-Wankendorf,2010,0.2217745098039215
Bokhorst-Wankendorf,2011,0.2767156862745098
Bokhorst-Wankendorf,2012,0.3731372549019608
Bokhorst-Wankendorf,2013,0.2434356846473029
Bokhorst-Wankendorf,2014,0.2439803921568627
Bokhorst-Wankendorf,2015,0.2131372549019608
Bokhorst-Wankendorf,2016,0.214701244813278
Bokhorst-Wankendorf,2017,0.2003921568627451
Bokhorst-Wankendorf,2018,0.3873333333333333
Bokhorst-Wankendorf,2019,0.3126348547717842
Bokhorst-Wankendorf,2020,0.2260588235294117
Bokhorst-Wankendorf,2021,0.3121843137254902
Bokhorst-Wankendorf,2022,0.2696470588235294
Bokhorst-Wankendorf,2023,0.3527614379084967
Bokhorst-Wankendorf,2024,0.2679803921568627
Bokhorst-Wankendorf,2025,0.2026182572614108
Borken,2021,0.2140207468879668
Borken,2022,0.2103529411764705
Borken,2023,0.2993817427385892
Borken,2024,0.2119834024896265
Borken,2025,0.2983823529411765
Bottrop,2023,0.2502156862745098
Bottrop,2024,0.2270196078431372
Bottrop,2025,0.2567843137254902
Brandenburg an der Havel,2006,0.2733725490196078
Brandenburg an der Havel,2008,0.2458838174273859
Brandenburg an der Havel,2009,0.2410788381742738
Brandenburg an der Havel,2010,0.2077925311203319
Brandenburg an der Havel,2011,0.2310588235294118
Brandenburg an der Havel,2012,0.2179803921568627
Brandenburg an der Havel,2013,0.3345294117647059
Brandenburg an der Havel,2014,0.2241161825726141
Brandenburg an der Havel,2015,0.3201803921568627
Brandenburg an der Havel,2016,0.2390980392156863
Brandenburg an der Havel,2017,0.3053039215686274
Brandenburg an der Havel,2018,0.2509792531120332
Brandenburg an der Havel,2019,0.2078627450980392
Brandenburg an der Havel,2020,0.2390622406639004
Brandenburg an der Havel,2021,0.2363858921161825
Brandenburg an der Havel,2022,0.2095643153526971
Brandenburg an der Havel,2023,0.2586470588235294
Brandenburg an der Havel,2024,0.2411120331950207
Brandenburg an der Havel,2025,0.2184315352697095
Braunlage,2008,0.2635196078431372
Braunlage,2009,0.2098333333333333
Braunlage,2010,0.2285726141078838
Braunlage,2011,0.2749411764705882
Braunlage,2012,0.2874411764705882
Braunlage,2024,0.2307385892116182
Braunlage,2025,0.2233236514522821
Braunschweig,2014,0.2145933609958506
Braunschweig,2015,0.200954356846473
Braunschweig,2016,0.3268137254901961
Braunschweig,2017,0.2747254901960784
Braunschweig,2018,0.1864149377593361
Braunschweig,2019,0.3263333333333333
Braunschweig,2020,0.3092843137254901
Braunschweig,2021,0.2165560165975103
Braunschweig,2022,0.2387302904564315
Braunschweig,2023,0.336045751633987
Braunschweig,2024,0.2221120331950207
Braunschweig,2025,0.2604215686274509
Bremen,2007,0.2326514522821577
Bremen,2008,0.2698921161825726
Bremen,2009,0.1875668316831683
Bremen,2010,0.2269502074688796
Bremen,2011,0.1824522821576763
Bremen,2012,0.2636764705882353
Bremen,2013,0.3516274509803921
Bremen,2014,0.2266390041493775
Bremen,2015,0.3624411764705882
Bremen,2016,0.2999215686274509
Bremen,2017,0.2589215686274509
Bremen,2018,0.1959958506224066
Bremen,2019,0.210448132780083
Bremen,2020,0.290764705882353
Bremen,2021,0.2102156862745098
Bremen,2022,0.3331470588235293
Bremen,2023,0.3493725490196078
Bremen,2024,0.2010539419087137
Bremen,2025,0.2384901960784314
Bremerhaven,2012,0.2469607843137255
Bremerhaven,2013,0.352656862745098
Bremerhaven,2014,0.2428589211618257
Bremerhaven,2015,0.2712941176470588
Bremerhaven,2016,0.2143236514522821
Bremerhaven,2017,0.2219419087136929
Bremerhaven,2018,0.341078431372549
Bremerhaven,2019,0.2326176470588235
Bremerhaven,2020,0.307156862745098
Bremerhaven,2021,0.206735294117647
Bremerhaven,2022,0.2067842323651452
Bremerhaven,2023,0.2373725490196078
Bremerhaven,2024,0.2571372549019608
Bremerhaven,2025,0.2132697095435684
Brunsbüttel,2011,0.2868235294117647
Brunsbüttel,2012,0.3286274509803922
Brunsbüttel,2013,0.259313725490196
Brunsbüttel,2014,0.2159673202614379
Brunsbüttel,2015,0.240313725490196
Brunsbüttel,2016,0.1916763485477178
Brunsbüttel,2017,0.2337676348547717
Brunsbüttel,2018,0.2551659751037344
Burg,2006,0.2937647058823529
Burg,2007,0.2019128630705394
Burg,2008,0.2063775933609958
Burg,2009,0.2629019607843137
Burg,2010,0.2925049504950495
Burg,2011,0.2497450980392156
Burg,2012,0.2182156862745098
Burg,2013,0.2349607843137255
Burg,2014,0.2987647058823529
Burg,2015,0.3067549019607843
Burg,2016,0.229235294117647
Burg,2017,0.1666224066390041
Burg,2018,0.2621452282157676
Burg,2019,0.2304509803921568
Burg,2020,0.2874509803921569
Burg,2021,0.2077344398340249
Burg,2022,0.3102745098039215
Burg,2023,0.2192614107883817
Burg,2024,0.2372697095435684
Burg,2025,0.2388464730290456
Burghausen,2018,0.2567843137254902
Burghausen,2019,0.2183983402489626
Burghausen,2020,0.2313070539419087
Burghausen,2021,0.1880622406639004
Burghausen,2022,0.2175394190871369
Burghausen,2023,0.2938705882352941
Burghausen,2024,0.2122738589211618
Bösel,2008,0.2040041493775933
Bösel,2009,0.247656862745098
Bösel,2010,0.2483609958506224
Bösel,2011,0.2423443983402489
Bösel,2012,0.2626804979253112
Bösel,2013,0.2646274509803921
Bösel,2014,0.2536639004149377
Bösel,2015,0.2186348547717842
Bösel,2016,0.2866470588235294
Bösel,2017,0.2087450980392157
Bösel,2018,0.2255103734439834
Bösel,2019,0.2050539419087136
Bösel,2020,0.2838431372549019
Bösel,2021,0.3525098039215686
Bösel,2022,0.2183817427385892
Bösel,2023,0.2247344398340249
Bösel,2024,0.3471764705882353
Bösel,2025,0.4509411764705882
Chemnitz,2005,0.193863070539419
Chemnitz,2006,0.2728888888888888
Chemnitz,2007,0.3208888888888889
Chemnitz,2008,0.2068235294117647
Chemnitz,2009,0.2448879668049792
Chemnitz,2010,0.2153526970954356
Chemnitz,2011,0.2879019607843137
Chemnitz,2012,0.2134117647058823
Chemnitz,2013,0.3185882352941176
Chemnitz,2014,0.2831576763485477
Chemnitz,2015,0.3112745098039216
Chemnitz,2016,0.2937647058823529
Chemnitz,2017,0.2274509803921568
Chemnitz,2018,0.3757647058823529
Chemnitz,2019,0.213804979253112
Chemnitz,2020,0.2291659751037344
Chemnitz,2021,0.2045686274509804
Chemnitz,2022,0.2241369294605809
Chemnitz,2023,0.2303858921161825
Chemnitz,2024,0.3021764705882352
Chemnitz,2025,0.1938169934640523
Cottbus,2005,0.2404325259515571
Cottbus,2006,0.2559313725490196
Cottbus,2007,0.2180331950207469
Cottbus,2008,0.3161960784313726
Cottbus,2009,0.2870980392156863
Cottbus,2010,0.2102941176470588
Cottbus,2011,0.3018431372549019
Cottbus,2012,0.3343790849673203
Cottbus,2013,0.2564901960784314
Cottbus,2014,0.2671176470588235
Cottbus,2015,0.2802156862745098
Cottbus,2016,0.2567676348547718
Cottbus,2017,0.3250343137254901
Cottbus,2018,0.2744901960784314
Cottbus,2019,0.2273526970954356
Cottbus,2020,0.3046078431372549
Cottbus,2021,0.2305767634854771
Cottbus,2022,0.1759411764705882
Cottbus,2023,0.2962549019607843
Cottbus,2024,0.1850594744121715
Cottbus,2025,0.2349419087136929
Cuxhaven,2024,0.2098382352941176
Cuxhaven,2025,0.2067925311203319
Dallgow-Döberitz,2019,0.2348174273858921
Dallgow-Döberitz,2020,0.2829626556016598
Dallgow-Döberitz,2021,0.2948589211618257
Dallgow-Döberitz,2022,0.2041078838174273
Dallgow-Döberitz,2023,0.2275098039215686
Dallgow-Döberitz,2024,0.2306431535269709
Dallgow-Döberitz,2025,0.2339419087136929
Darmstadt,2019,0.2982365145228215
Darmstadt,2020,0.4311960784313725
Darmstadt,2021,0.2941764705882353
Darmstadt,2022,0.2474509803921568
Darmstadt,2023,0.2373734439834025
Darmstadt,2024,0.2124564315352697
Darmstadt,2025,0.2367302904564315
Diehsa,2019,0.2192655601659751
Diehsa,2020,0.2803236514522821
Diehsa,2021,0.2520066390041494
Diehsa,2022,0.2289875518672199
Diehsa,2023,0.2722199170124481
Diehsa,2024,0.2670539419087137
Diehsa,2025,0.2540457516339869
Dillingen/Saar,2023,0.2295435684647302
Dillingen/Saar,2024,0.2091327800829875
Dillingen/Saar,2025,0.3307344398340249
Dortmund,2008,0.2303529411764705
Dortmund,2009,0.4513885918003564
Dortmund,2010,0.2554509803921568
Dortmund,2011,0.1934979253112033
Dortmund,2012,0.243078431372549
Dortmund,2013,0.2650196078431373
Dortmund,2014,0.2423775933609958
Dortmund,2015,0.3955176470588235
Dortmund,2016,0.3345686274509803
Dortmund,2017,0.2203333333333333
Dortmund,2018,0.3816970954356846
Dortmund,2019,0.2632745098039216
Dortmund,2020,0.2326431535269709
Dortmund,2021,0.2303029045643153
Dortmund,2022,0.2380082987551867
Dortmund,2023,0.3023921568627451
Dortmund,2024,0.2737058823529412
Dortmund,2025,0.2544509803921568
Dreisamtal,2003,0.2473725490196078
Dreisamtal,2004,0.2384522821576763
Dreisamtal,2005,0.1951825726141079
Dreisamtal,2006,0.2640663900414938
Dreisamtal,2007,0.2184273858921162
Dreisamtal,2008,0.2848235294117647
Dreisamtal,2009,0.2653529411764706
Dreisamtal,2010,0.3780392156862745
Dreisamtal,2011,0.202103734439834
Dreisamtal,2012,0.2218431372549019
Dreisamtal,2013,0.2128627450980392
Dreisamtal,2014,0.2941372549019608
Dreisamtal,2015,0.2365601659751037
Dreisamtal,2016,0.1959241293532338
Dreisamtal,2017,0.2186846473029045
Dreisamtal,2018,0.2398039215686274
Dreisamtal,2019,0.3392647058823529
Dreisamtal,2020,0.3696274509803921
Dreisamtal,2021,0.2424481327800829
Dreisamtal,2022,0.3258823529411765
Dreisamtal,2023,0.2231203319502074
Dreisamtal,2024,0.1969751037344398
Dresden,2005,0.3495186721991701
Dresden,2006,0.2930414937759336
Dresden,2007,0.2662990196078431
Dresden,2008,0.2938823529411765
Dresden,2009,0.2938431372549019
Dresden,2010,0.2356078431372549
Dresden,2011,0.2033921568627451
Dresden,2012,0.2321960784313725
Dresden,2013,0.3009313725490196
Dresden,2014,0.3372588235294118
Dresden,2015,0.2507843137254902
Dresden,2016,0.2073983402489626
Dresden,2017,0.223609958506224
Dresden,2018,0.3379705882352941
Dresden,2019,0.2238513071895425
Dresden,2020,0.2696764705882353
Dresden,2021,0.2350980392156862
Dresden,2022,0.2238235294117647
Dresden,2023,0.1687925311203319
Dresden,2024,0.2520456431535269
Dresden,2025,0.2275352697095435
Duisburg,2007,0.2048215767634854
Duisburg,2010,0.246156862745098
Duisburg,2011,0.2393485477178423
Duisburg,2012,0.1971176470588235
Duisburg,2013,0.2048174273858921
Duisburg,2014,0.2260248962655601
Duisburg,2015,0.383470588235294
Duisburg,2016,0.2667647058823529
Duisburg,2017,0.3765686274509803
Duisburg,2018,0.2576764705882353
Duisburg,2019,0.2174688796680497
Duisburg,2020,0.2007647058823529
Duisburg,2021,0.3236176470588235
Duisburg,2022,0.2796470588235294
Duisburg,2023,0.2126274509803921
Duisburg,2024,0.2886274509803921
Duisburg,2025,0.3657908496732026
Düsseldorf,2007,0.2582941176470588
Düsseldorf,2008,0.2039045643153527
Düsseldorf,2009,0.2502780082987552
Düsseldorf,2010,0.2138423236514522
Düsseldorf,2011,0.1993790849673202
Düsseldorf,2012,0.2674730290456431
Düsseldorf,2013,0.2631372549019607
Düsseldorf,2014,0.2509019607843137
Düsseldorf,2015,0.6636470588235294
Düsseldorf,2016,0.2522489626556016
Düsseldorf,2017,0.2771764705882353
Düsseldorf,2018,0.2162745098039215
Düsseldorf,2019,0.2672745098039216
Düsseldorf,2020,0.2330373443983402
Düsseldorf,2021,0.3083725490196078
Düsseldorf,2022,0.2188879668049792
Düsseldorf,2023,0.2244979253112033
Düsseldorf,2024,0.2215394190871369
Düsseldorf,2025,0.3166078431372549
Edertal,2024,0.2506307053941908
Edertal,2025,0.2412904564315353
Eggebek,2017,0.2584215686274509
Eggebek,2018,0.23950622406639
Eggebek,2019,0.2413578431372549
Eggebek,2020,0.3420588235294117
Eggebek,2021,0.2418627450980392
Eggebek,2022,0.2046078431372549
Eggebek,2023,0.2597745098039216
Eggebek,2024,0.1827219917012448
Eggebek,2025,0.2464149377593361
Eggenstein-Leopoldshafen,2021,0.3441784232365145
Eggenstein-Leopoldshafen,2022,0.280460580912863
Eggenstein-Leopoldshafen,2023,0.2184564315352697
Eggenstein-Leopoldshafen,2024,0.231655601659751
Eggenstein-Leopoldshafen,2025,0.1958627450980392
Eisenach,2021,0.2341369294605809
Eisenach,2022,0.2351764705882353
Eisenach,2023,0.3051960784313725
Eisenach,2024,0.2266639004149377
Eisenach,2025,0.2573651452282157
Eisenhüttenstadt,2004,0.2791241830065359
Eisenhüttenstadt,2008,0.2758039215686274
Eisenhüttenstadt,2009,0.2691274509803921
Eisenhüttenstadt,2010,0.2117468879668049
Eisenhüttenstadt,2011,0.364313725490196
Eisenhüttenstadt,2012,0.217656862745098
Eisenhüttenstadt,2013,0.2390207468879668
Eisenhüttenstadt,2014,0.2680207468879668
Eisenhüttenstadt,2015,0.2645490196078431
Eisenhüttenstadt,2016,0.1943440594059406
Eisenhüttenstadt,2017,0.3246470588235294
Eisenhüttenstadt,2018,0.2366950207468879
Eisenhüttenstadt,2019,0.3786666666666667
Eisenhüttenstadt,2020,0.233207468879668
Eisenhüttenstadt,2022,0.301235294117647
Eisenhüttenstadt,2023,0.2130912863070539
Eisenhüttenstadt,2024,0.2216680497925311
Eisenhüttenstadt,2025,0.4047058823529412
Elsterwerda,2008,0.2641764705882353
Elsterwerda,2009,0.2026887966804979
Elsterwerda,2010,0.2368713692946058
Elsterwerda,2011,0.260235294117647
Elsterwerda,2012,0.2278734439834024
Elsterwerda,2013,0.2334647302904564
Elsterwerda,2014,0.2350588235294117
Elsterwerda,2015,0.219356846473029
Elsterwerda,2016,0.2720041493775934
Elsterwerda,2017,0.3401372549019608
Elsterwerda,2018,0.2614117647058823
Elsterwerda,2019,0.2047745098039215
Elsterwerda,2020,0.3588235294117647
Elsterwerda,2021,0.2016078431372549
Elsterwerda,2022,0.3471148459383754
Elsterwerda,2023,0.2110165975103734
Elsterwerda,2024,0.3314190871369294
Elsterwerda,2025,0.3075490196078431
Emden,2024,0.2994967320261437
Emden,2025,0.2769502074688796
Erfurt,2007,0.2762039215686274
Erfurt,2008,0.2115098039215686
Erfurt,2009,0.1892323651452282
Erfurt,2010,0.2402863070539419
Erfurt,2011,0.2114398340248962
Erfurt,2012,0.3683333333333333
Erfurt,2013,0.2805098039215686
Erfurt,2014,0.2666666666666666
Erfurt,2015,0.2150588235294117
Erfurt,2016,0.2936274509803921
Erfurt,2017,0.2124190871369294
Erfurt,2018,0.2607058823529412
Erfurt,2019,0.2228796680497925
Erfurt,2020,0.2295394190871369
Erfurt,2021,0.2788921161825726
Erfurt,2022,0.2586274509803921
Erfurt,2023,0.1829045643153526
Erfurt,2024,0.3939673202614379
Erfurt,2025,0.2115850622406639
Essen,2007,0.2004647302904564
Essen,2008,0.2131369294605809
Essen,2009,0.2422647058823529
Essen,2010,0.2772549019607843
Essen,2011,0.2975098039215686
Essen,2012,0.2400980392156862
Essen,2013,0.2830196078431372
Essen,2014,0.2163267973856208
Essen,2015,0.240356846473029
Essen,2016,0.2393529411764706
Essen,2017,0.2619803921568627
Essen,2018,0.210298755186722
Essen,2019,0.2445311203319502
Essen,2020,0.3045269709543569
Essen,2021,0.3039803921568627
Essen,2022,0.2758713692946058
Essen,2023,0.2023153526970954
Essen,2024,0.2005560165975103
Essen,2025,0.2214117647058823
Filderstadt,2021,0.272921568627451
Filderstadt,2022,0.2876862745098039
Filderstadt,2023,0.212207468879668
Filderstadt,2024,0.2675294117647059
Filderstadt,2025,0.2186390041493776
Frankfurt (Oder),2005,0.1926639004149377
Frankfurt (Oder),2006,0.4478737623762377
Frankfurt (Oder),2007,0.3483921568627451
Frankfurt (Oder),2008,0.3664705882352941
Frankfurt (Oder),2009,0.2190098039215686
Frankfurt (Oder),2011,0.3161535269709543
Frankfurt (Oder),2013,0.3058137254901961
Frankfurt (Oder),2014,0.2265601659751037
Frankfurt (Oder),2015,0.2680098039215686
Frankfurt (Oder),2016,0.1988137254901961
Frankfurt (Oder),2017,0.4665490196078432
Frankfurt (Oder),2018,0.2877450980392157
Frankfurt (Oder),2019,0.2200705394190871
Frankfurt (Oder),2020,0.2364937759336099
Frankfurt (Oder),2021,0.2470980392156863
Frankfurt (Oder),2022,0.2118713692946058
Frankfurt (Oder),2023,0.2196390041493776
Frankfurt (Oder),2024,0.4685098039215686
Frankfurt (Oder),2025,0.2388298755186721
Frankfurt am Main,2008,0.2475294117647058
Frankfurt am Main,2009,0.2883398692810457
Frankfurt am Main,2010,0.2106514522821576
Frankfurt am Main,2011,0.2008091286307054
Frankfurt am Main,2012,0.2010871369294606
Frankfurt am Main,2013,0.3603058823529412
Frankfurt am Main,2014,0.201551867219917
Frankfurt am Main,2015,0.1990041493775933
Frankfurt am Main,2016,0.2997058823529411
Frankfurt am Main,2017,0.2700663900414937
Frankfurt am Main,2018,0.3867385620915032
Frankfurt am Main,2019,0.2995029702970297
Frankfurt am Main,2020,0.3066666666666667
Frankfurt am Main,2021,0.2757966804979253
Frankfurt am Main,2022,0.3506862745098039
Frankfurt am Main,2023,0.2514647302904564
Frankfurt am Main,2024,0.2469803921568627
Frankfurt am Main,2025,0.2269709543568464
Freiburg im Breisgau,2006,0.2796666666666667
Freiburg im Breisgau,2008,0.361364705882353
Freiburg im Breisgau,2009,0.3168838174273859
Freiburg im Breisgau,2010,0.2163333333333333
Freiburg im Breisgau,2011,0.2233935643564356
Freiburg im Breisgau,2012,0.2693333333333333
Freiburg im Breisgau,2013,0.2113112033195021
Freiburg im Breisgau,2014,0.1953529411764705
Freiburg im Breisgau,2015,0.2648627450980392
Freiburg im Breisgau,2016,0.1876887966804979
Freiburg im Breisgau,2017,0.3581058823529411
Freiburg im Breisgau,2018,0.2341991701244813
Freiburg im Breisgau,2019,0.3100882352941176
Freiburg im Breisgau,2020,0.2362282157676348
Freiburg im Breisgau,2021,0.2457551867219916
Freiburg im Breisgau,2022,0.2649803921568627
Freiburg im Breisgau,2023,0.1956058091286307
Freiburg im Breisgau,2024,0.2529709543568464
Freiburg im Breisgau,2025,0.2914117647058823
Friedrichshafen,2021,0.243311203319502
Friedrichshafen,2022,0.2348174273858921
Friedrichshafen,2023,0.2103236514522821
Friedrichshafen,2024,0.2753333333333333
Friedrichshafen,2025,0.2125933609958506
Fulda,2009,0.214392156862745
Fulda,2010,0.2459019607843137
Fulda,2011,0.3025196078431372
Fulda,2012,0.2302156862745098
Fulda,2013,0.2868340248962655
Fulda,2014,0.2884509803921569
Fulda,2015,0.2591452282157676
Fulda,2016,0.2789411764705882
Fulda,2017,0.3027777777777778
Fulda,2018,0.2059253112033195
Fulda,2019,0.264448132780083
Fulda,2020,0.2226058091286307
Fulda,2021,0.2981764705882353
Fulda,2022,0.2436307053941908
Fulda,2023,0.2445024752475247
Fulda,2024,0.1882406639004149
Fulda,2025,0.2802941176470588
Fürth,2022,0.300264705882353
Fürth,2023,0.2438298755186722
Fürth,2024,0.2468755186721991
Fürth,2025,0.2047247579529737
Gera,2023,0.2896078431372549
Gera,2024,0.2244509803921568
Gera,2025,0.2322033195020746
Gersfeld (Rhön),2023,0.2761141078838174
Gersfeld (Rhön),2024,0.2512033195020747
Gersfeld (Rhön),2025,0.2037468879668049
Glashütten,2023,0.2436058091286307
Glashütten,2024,0.2938627450980392
Glashütten,2025,0.3753039215686274
Goslar,2017,0.259
Goslar,2018,0.225701244813278
Goslar,2019,0.2156348547717842
Goslar,2020,0.278850622406639
Goslar,2021,0.2284117647058823
Goslar,2022,0.2258823529411764
Goslar,2023,0.2273333333333333
Goslar,2024,0.2999875518672199
Goslar,2025,0.4183186274509804
Gransee und Gemeinden,2010,0.3222941176470588
Gransee und Gemeinden,2011,0.2009215686274509
Gransee und Gemeinden,2012,0.2288627450980392
Gransee und Gemeinden,2013,0.228045643153527
Gransee und Gemeinden,2014,0.2144107883817427
Gransee und Gemeinden,2015,0.2074854771784232
Gransee und Gemeinden,2016,0.2331867219917012
Gransee und Gemeinden,2017,0.2612156862745098
Gransee und Gemeinden,2018,0.3843725490196079
Gransee und Gemeinden,2019,0.2918431372549019
Gransee und Gemeinden,2020,0.2409045643153527
Gransee und Gemeinden,2021,0.2318257261410788
Gransee und Gemeinden,2022,0.2333775933609958
Gransee und Gemeinden,2023,0.2256666666666666
Gransee und Gemeinden,2024,0.2305352697095435
Gransee und Gemeinden,2025,0.2458381742738589
Greiz,2008,0.2737418300653594
Greiz,2009,0.4072156862745098
Greiz,2010,0.2250746887966805
Greiz,2011,0.221635294117647
Greiz,2012,0.2043278008298755
Greiz,2013,0.2243360995850622
Greiz,2014,0.2633333333333333
Greiz,2015,0.2714398340248963
Greiz,2016,0.3007745098039215
Greiz,2017,0.2141078838174274
Greiz,2018,0.2190588235294117
Greiz,2019,0.3025098039215686
Greiz,2020,0.221103734439834
Greiz,2021,0.2998823529411765
Greiz,2022,0.2046141078838174
Greiz,2023,0.240156862745098
Greiz,2024,0.2420990099009901
Greiz,2025,0.2017468879668049
Gutsbezirk Kaufunger Wald,2022,0.2128156862745098
Gutsbezirk Kaufunger Wald,2023,0.1899958506224066
Gutsbezirk Kaufunger Wald,2024,0.2451721991701244
Gutsbezirk Kaufunger Wald,2025,0.217311203319502
Gärtringen/Ehningen,2021,0.2059215686274509
Gärtringen/Ehningen,2022,0.2190470588235294
Gärtringen/Ehningen,2023,0.2751327800829876
Gärtringen/Ehningen,2024,0.3786928104575163
Gärtringen/Ehningen,2025,0.2200995850622406
Göttingen,2008,0.2144937759336099
Göttingen,2009,0.2354232365145228
Göttingen,2010,0.2662033195020747
Göttingen,2011,0.1957136929460581
Göttingen,2012,0.2442156862745098
Göttingen,2013,0.272313725490196
Göttingen,2014,0.3651960784313725
Göttingen,2015,0.2530392156862745
Göttingen,2016,0.2617777777777778
Göttingen,2017,0.3315145228215767
Göttingen,2018,0.2352821576763485
Göttingen,2019,0.1991960784313725
Göttingen,2020,0.3071372549019607
Göttingen,2021,0.2373609958506224
Göttingen,2022,0.2231176470588235
Göttingen,2023,0.3227058823529411
Göttingen,2024,0.2159460580912863
Göttingen,2025,0.2824688796680498
Güstrow,2008,0.2202157676348548
Güstrow,2009,0.2257800829875518
Güstrow,2010,0.3830414937759336
Güstrow,2011,0.215253112033195
Güstrow,2012,0.215921568627451
Güstrow,2013,0.340253112033195
Güstrow,2014,0.245921568627451
Güstrow,2015,0.2044313725490196
Güstrow,2016,0.2924166666666666
Güstrow,2017,0.3491764705882353
Güstrow,2018,0.250078431372549
Güstrow,2019,0.2466846473029045
Güstrow,2020,0.2582941176470588
Güstrow,2021,0.3018529411764706
Güstrow,2022,0.2584117647058823
Güstrow,2023,0.2131701244813278
Güstrow,2024,0.2313236514522821
Güstrow,2025,0.3763529411764705
Güstrow-Land,2012,0.2697058823529412
Güstrow-Land,2013,0.197298755186722
Güstrow-Land,2014,0.2512904564315352
Güstrow-Land,2015,0.1869626556016597
Güstrow-Land,2016,0.1956274509803921
Güstrow-Land,2017,0.3208235294117647
Güstrow-Land,2018,0.3063921568627451
Güstrow-Land,2019,0.2018900414937759
Güstrow-Land,2020,0.1847344398340249
Güstrow-Land,2021,0.2273900414937759
Güstrow-Land,2022,0.2696274509803921
Güstrow-Land,2023,0.2359585062240664
Güstrow-Land,2024,0.2812941176470588
Güstrow-Land,2025,0.2366307053941908
Halberstadt,2016,0.2790392156862745
Halberstadt,2017,0.3249607843137255
Halberstadt,2018,0.2988381742738589
Halberstadt,2019,0.2070622406639004
Halberstadt,2020,0.2352033195020746
Halberstadt,2021,0.2195809128630705
Halberstadt,2022,0.3622572614107884
Halberstadt,2023,0.2986078431372549
Halberstadt,2024,0.2583112033195021
Halberstadt,2025,0.3998725490196078
Halle (Saale),2003,0.3149019607843137
Halle (Saale),2004,0.2322738589211618
Halle (Saale),2005,0.2246431535269709
Halle (Saale),2006,0.2358257261410788
Halle (Saale),2007,0.3050980392156863
Halle (Saale),2008,0.3231764705882353
Halle (Saale),2009,0.4002549019607843
Halle (Saale),2010,0.2068008298755186
Halle (Saale),2011,0.1695601659751037
Halle (Saale),2012,0.2726470588235294
Halle (Saale),2013,0.230161825726141
Halle (Saale),2014,0.2695294117647059
Halle (Saale),2015,0.2130490196078431
Halle (Saale),2016,0.1847655601659751
Halle (Saale),2017,0.2757647058823529
Halle (Saale),2018,0.3302376237623762
Halle (Saale),2019,0.2222738589211618
Halle (Saale),2020,0.2442745098039215
Halle (Saale),2021,0.3429826732673267
Halle (Saale),2022,0.2997882352941176
Halle (Saale),2023,0.238058091286307
Halle (Saale),2024,0.2379215686274509
Halle (Saale),2025,0.2368725490196078
Hamburg,2003,0.2032323651452282
Hamburg,2004,0.2202116182572614
Hamburg,2005,0.2882240663900415
Hamburg,2006,0.3171176470588235
Hamburg,2007,0.3016862745098039
Hamburg,2008,0.2447581699346405
Hamburg,2009,0.2272745098039215
Hamburg,2010,0.2624705882352941
Hamburg,2011,0.308156862745098
Hamburg,2012,0.2322780082987552
Hamburg,2013,0.2521212871287128
Hamburg,2014,0.1931410788381742
Hamburg,2015,0.1876887966804979
Hamburg,2016,0.3980098039215686
Hamburg,2017,0.2218630705394191
Hamburg,2018,0.2816274509803921
Hamburg,2019,0.2993070539419087
Hamburg,2020,0.2595294117647059
Hamburg,2021,0.1775392156862745
Hamburg,2022,0.3133431372549019
Hamburg,2023,0.3996209150326797
Hamburg,2024,0.1716929460580913
Hamburg,2025,0.2718627450980392
Hanau,2023,0.3374117647058823
Hanau,2024,0.2314315352697095
Hanau,2025,0.209656862745098
Hannover,2003,0.2325394190871369
Hannover,2004,0.2536721991701244
Hannover,2005,0.2348506224066389
Hannover,2007,0.2999607843137254
Hannover,2008,0.295954356846473
Hannover,2009,0.244759336099585
Hannover,2010,0.2688039215686274
Hannover,2011,0.1920248962655601
Hannover,2012,0.386156862745098
Hannover,2013,0.2266141078838174
Hannover,2014,0.245402489626556
Hannover,2015,0.2109170124481328
Hannover,2016,0.2552156862745098
Hannover,2017,0.2087843137254902
Hannover,2018,0.3326862745098038
Hannover,2019,0.2739917012448132
Hannover,2020,0.2611535269709543
Hannover,2021,0.1869705882352941
Hannover,2022,0.2840196078431372
Hannover,2023,0.408421568627451
Hannover,2024,0.2776392156862745
Hannover,2025,0.3299803921568627
Harzgerode,2004,0.2952365145228215
Harzgerode,2005,0.2489411764705882
Harzgerode,2006,0.2344605809128631
Harzgerode,2007,0.267804979253112
Harzgerode,2008,0.3220196078431372
Harzgerode,2009,0.3658795379537953
Harzgerode,2010,0.1879460580912863
Harzgerode,2011,0.3483333333333333
Harzgerode,2012,0.1780248962655601
Harzgerode,2013,0.285313725490196
Harzgerode,2014,0.2163485477178423
Harzgerode,2015,0.3208862745098039
Harzgerode,2016,0.2849019607843137
Harzgerode,2017,0.2350196078431372
Harzgerode,2018,0.3467759336099584
Harzgerode,2019,0.235655601659751
Harzgerode,2020,0.2202614107883817
Harzgerode,2021,0.2171493775933609
Harzgerode,2022,0.244713692946058
Harzgerode,2023,0.2988118811881188
Harzgerode,2024,0.3004117647058824
Harzgerode,2025,0.2807136929460581
Hattingen,2023,0.2260954356846473
Hattingen,2024,0.2247697095435684
Hattingen,2025,0.2295394190871369
Heidelberg,2021,0.2254705882352941
Heidelberg,2022,0.1824901960784314
Heidelberg,2023,0.2054937759336099
Heidelberg,2024,0.3035392156862745
Heilbronn,2011,0.2251286307053941
Heilbronn,2012,0.2820588235294117
Heilbronn,2013,0.3447029702970297
Heilbronn,2014,0.4359019607843137
Heilbronn,2015,0.2265352697095435
Heilbronn,2016,0.2202199170124481
Heilbronn,2017,0.2307053941908713
Heilbronn,2018,0.2374979253112033
Heilbronn,2019,0.3867450980392157
Heilbronn,2020,0.197655601659751
Heilbronn,2021,0.2851203319502075
Heilbronn,2022,0.2840497925311203
Heilbronn,2023,0.2344607843137255
Heilbronn,2024,0.2221493775933609
Heilbronn,2025,0.256156862745098
Hügelland/Täler,2015,0.2428431372549019
Hügelland/Täler,2016,0.2190995850622406
Hügelland/Täler,2017,0.2145490196078431
Hügelland/Täler,2018,0.2433941908713693
Hügelland/Täler,2019,0.2330248962655601
Hügelland/Täler,2020,0.2152549019607843
Hügelland/Täler,2021,0.2651742738589212
Hügelland/Täler,2022,0.2607800829875518
Hügelland/Täler,2023,0.2044771784232365
Hügelland/Täler,2024,0.2279751037344398
Hügelland/Täler,2025,0.2247676348547717
Hürth,2022,0.2491659751037344
Hürth,2023,0.2215311203319502
Hürth,2024,0.2192199170124481
Hürth,2025,0.2081176470588235
Itzehoe,2012,0.2172904564315352
Itzehoe,2013,0.502990099009901
Itzehoe,2014,0.1765588235294117
Itzehoe,2015,0.2494439834024896
Itzehoe,2016,0.2574564315352697
Itzehoe,2017,0.212356846473029
Itzehoe,2018,0.2059585062240664
Itzehoe,2019,0.2759803921568627
Itzehoe,2020,0.2220165975103734
Itzehoe,2021,0.2195098039215686
Itzehoe,2022,0.2317634854771784
Itzehoe,2023,0.2742745098039215
Jena,2021,0.2247095435684647
Jena,2022,0.2698547717842323
Jena,2023,0.2198921568627451
Jena,2024,0.2375352697095435
Jena,2025,0.3023725490196078
Jork,2024,0.2329264705882353
Jork,2025,0.2674356846473029
Kaiserslautern,2007,0.2388962655601659
Kaiserslautern,2008,0.3027941176470588
Kaiserslautern,2009,0.2601372549019607
Kaiserslautern,2010,0.2586862745098039
Kaiserslautern,2011,0.2690196078431373
Kaiserslautern,2012,0.241235294117647
Kaiserslautern,2013,0.2576970954356846
Kaiserslautern,2014,0.2834813278008299
Kaiserslautern,2015,0.2366372549019607
Kaiserslautern,2016,0.3367058823529412
Kaiserslautern,2017,0.2021784232365145
Kaiserslautern,2018,0.2752941176470588
Kaiserslautern,2019,0.3259411764705882
Kaiserslautern,2020,0.38509900990099
Kaiserslautern,2021,0.2129017980636238
Kaiserslautern,2022,0.2167842323651452
Kaiserslautern,2023,0.2322352941176471
Kaiserslautern,2024,0.2964803921568627
Kaiserslautern,2025,0.2810392156862745
Karlsruhe,2006,0.2554705882352941
Karlsruhe,2007,0.2888039215686274
Karlsruhe,2008,0.2110041493775933
Karlsruhe,2009,0.3569607843137254
Karlsruhe,2010,0.3016274509803921
Karlsruhe,2011,0.2733333333333333
Karlsruhe,2012,0.2464481327800829
Karlsruhe,2013,0.2562222222222222
Karlsruhe,2014,0.4600980392156862
Karlsruhe,2015,0.2772282157676348
Karlsruhe,2016,0.2331372549019608
Karlsruhe,2017,0.1869803921568627
Karlsruhe,2018,0.2445601659751037
Karlsruhe,2019,0.237356846473029
Karlsruhe,2020,0.201414937759336
Karlsruhe,2021,0.3868431372549019
Karlsruhe,2022,0.2266804979253112
Karlsruhe,2023,0.3005686274509804
Karlsruhe,2024,0.2074356846473029
Karlsruhe,2025,0.2903651452282157
Kassel,2008,0.324156862745098
Kassel,2009,0.3412627450980393
Kassel,2010,0.2189709543568464
Kassel,2011,0.3889999999999999
Kassel,2012,0.2323236514522821
Kassel,2013,0.2025477178423236
Kassel,2014,0.3095098039215686
Kassel,2015,0.2155394190871369
Kassel,2016,0.2719019607843137
Kassel,2017,0.2180248962655601
Kassel,2018,0.3762156862745097
Kassel,2019,0.3258627450980392
Kassel,2020,0.2346307053941908
Kassel,2021,0.230356846473029
Kassel,2022,0.2991764705882352
Kassel,2023,0.3121372549019608
Kassel,2024,0.265078431372549
Kassel,2025,0.1916960784313725
Kehl,2011,0.3227647058823529
Kehl,2012,0.2609607843137255
Kehl,2013,0.2311161825726141
Kehl,2014,0.2862157676348547
Kehl,2015,0.3023137254901961
Kehl,2016,0.3006176470588235
Kehl,2017,0.2983137254901961
Kehl,2018,0.3139607843137255
Kehl,2019,0.2887551867219917
Kehl,2020,0.2233485477178423
Kehl,2021,0.2128022130013831
Kehl,2022,0.3763529411764705
Kehl,2023,0.2228879668049792
Kehl,2024,0.280850622406639
Kehl,2025,0.2571176470588235
Kempten (Allgäu),2014,0.2227178423236514
Kiel,2009,0.2017095435684647
Kiel,2010,0.3155882352941176
Kiel,2011,0.1979626556016597
Kiel,2012,0.3306862745098038
Kiel,2013,0.3075098039215686
Kiel,2014,0.1817717842323651
Kiel,2015,0.2363609958506224
Kiel,2016,0.2116666666666666
Kiel,2017,0.2668823529411764
Kiel,2018,0.3202156862745098
Kiel,2019,0.1822033195020747
Kiel,2020,0.2804248366013072
Kiel,2021,0.2216721991701244
Kiel,2022,0.2487925311203319
Kiel,2023,0.2282647058823529
Kiel,2024,0.2021161825726141
Kiel,2025,0.2923921568627451
Kleinwallstadt,2011,0.2228366013071895
Klötze,2023,0.2354398340248962
Klötze,2024,0.2090165975103734
Klötze,2025,0.2678627450980392
Koblenz,2008,0.2203725490196078
Koblenz,2009,0.214609958506224
Koblenz,2010,0.227578431372549
Koblenz,2011,0.2587843137254902
Koblenz,2012,0.3685686274509804
Koblenz,2013,0.2090871369294605
Koblenz,2014,0.2422946058091286
Koblenz,2015,0.2677219917012448
Koblenz,2016,0.2112745098039215
Koblenz,2017,0.2239999999999999
Koblenz,2018,0.2422240663900415
Koblenz,2019,0.2024509803921568
Koblenz,2020,0.2480392156862745
Koblenz,2021,0.2434771241830065
Koblenz,2022,0.262019801980198
Koblenz,2023,0.2377254901960784
Koblenz,2024,0.2454066390041493
Koblenz,2025,0.3492821576763485
Konstanz,2015,0.197402489626556
Konstanz,2016,0.2604705882352941
Konstanz,2017,0.2231764705882352
Konstanz,2018,0.2412549019607843
Konstanz,2019,0.2656804979253112
Konstanz,2020,0.21000622406639
Konstanz,2021,0.228701244813278
Konstanz,2022,0.2232033195020747
Konstanz,2023,0.2115269709543568
Konstanz,2024,0.3138725490196078
Konstanz,2025,0.2238755186721991
Krefeld,2013,0.2047842323651452
Krefeld,2014,0.2129585062240664
Krefeld,2015,0.3079019607843137
Krefeld,2016,0.2219215686274509
Krefeld,2017,0.2628464730290456
Krefeld,2018,0.2545686274509804
Krefeld,2019,0.243516339869281
Krefeld,2020,0.2333651452282157
Krefeld,2021,0.207896265560166
Krefeld,2022,0.2225098039215686
Krefeld,2023,0.2286473029045643
Krefeld,2024,0.1935359477124183
Krefeld,2025,0.2286078431372549
Köln,2007,0.2253725490196078
Köln,2008,0.3695490196078431
Köln,2009,0.2840823529411765
Köln,2010,0.2359356846473029
Köln,2011,0.3569411764705882
Köln,2012,0.1735392156862745
Köln,2013,0.2048589211618257
Köln,2014,0.3428340248962656
Köln,2015,0.3099705882352941
Köln,2016,0.2528627450980392
Köln,2017,0.2533921568627451
Köln,2018,0.2229999999999999
Köln,2019,0.2858235294117647
Köln,2020,0.2088464730290456
Köln,2021,0.237701244813278
Köln,2022,0.2531908713692946
Köln,2023,0.3778039215686274
Köln,2024,0.2286431535269709
Köln,2025,0.2333858921161825
Königs Wusterhausen,2005,0.2560980392156862
Königs Wusterhausen,2008,0.1862572614107883
Königs Wusterhausen,2009,0.3464411764705882
Königs Wusterhausen,2010,0.2849411764705882
Königs Wusterhausen,2011,0.3768333333333333
Königs Wusterhausen,2012,0.3202745098039216
Königs Wusterhausen,2013,0.2398431372549019
Lauenburg/Elbe,2019,0.2292157676348547
Lauenburg/Elbe,2020,0.3116182572614108
Lauenburg/Elbe,2021,0.2817549019607843
Lauenburg/Elbe,2022,0.2223858921161825
Lauenburg/Elbe,2023,0.2314315352697095
Lauenburg/Elbe,2024,0.2266058091286307
Lauenburg/Elbe,2025,0.3709607843137255
Leipzig,2005,0.2283235294117647
Leipzig,2006,0.217609958506224
Leipzig,2007,0.2224901960784313
Leipzig,2008,0.256313725490196
Leipzig,2009,0.1945643153526971
Leipzig,2010,0.1930663900414937
Leipzig,2011,0.433628712871287
Leipzig,2012,0.2236369294605809
Leipzig,2013,0.2902240663900415
Leipzig,2014,0.3320588235294117
Leipzig,2015,0.2190912863070539
Leipzig,2016,0.1901764705882352
Leipzig,2017,0.2114730290456431
Leipzig,2018,0.2798039215686274
Leipzig,2019,0.1893725490196078
Leipzig,2020,0.3228910891089109
Leipzig,2021,0.2730392156862745
Leipzig,2022,0.3332549019607843
Leipzig,2023,0.3889999999999999
Leipzig,2024,0.241235294117647
Leipzig,2025,0.4462745098039216
Leverkusen,2018,0.2392489626556016
Leverkusen,2019,0.3174107883817427
Leverkusen,2020,0.310746887966805
Leverkusen,2021,0.3311078431372549
Leverkusen,2022,0.254655601659751
Leverkusen,2023,0.2976141078838174
Leverkusen,2024,0.2230196078431372
Leverkusen,2025,0.2784509803921569
Lieberose/Oberspreewald,2011,0.3510196078431373
Lieberose/Oberspreewald,2017,0.2335294117647058
Lieberose/Oberspreewald,2018,0.2430622406639004
Lieberose/Oberspreewald,2019,0.2891452282157676
Lieberose/Oberspreewald,2020,0.2901029411764705
Lieberose/Oberspreewald,2021,0.2550980392156862
Lieberose/Oberspreewald,2022,0.3317843137254901
Lieberose/Oberspreewald,2023,0.2213734439834024
Lieberose/Oberspreewald,2024,0.2181203319502074
Lieberose/Oberspreewald,2025,0.2425269709543568
Liebschützberg,2022,0.2287647058823529
Liebschützberg,2023,0.2965686274509804
Liebschützberg,2024,0.2169958506224066
Liebschützberg,2025,0.3066470588235294
Limburg a.d. Lahn,2021,0.3056078431372548
Limburg a.d. Lahn,2022,0.341078431372549
Limburg a.d. Lahn,2023,0.3302549019607843
Limburg a.d. Lahn,2024,0.1975098039215686
Limburg a.d. Lahn,2025,0.2347344398340249
Lingen (Ems),2008,0.2033333333333333
Lingen (Ems),2009,0.3863725490196078
Lingen (Ems),2010,0.2467450495049505
Lingen (Ems),2011,0.3724813278008299
Lingen (Ems),2012,0.244253112033195
Lingen (Ems),2013,0.2561372549019608
Lingen (Ems),2014,0.1756013071895425
Lingen (Ems),2015,0.3324896265560166
Lingen (Ems),2016,0.2266597510373444
Lingen (Ems),2017,0.2650196078431373
Lingen (Ems),2018,0.2353333333333333
Lingen (Ems),2019,0.2235186721991701
Lingen (Ems),2020,0.2555892116182572
Lingen (Ems),2021,0.2217800829875518
Lingen (Ems),2022,0.2295311203319502
Lingen (Ems),2023,0.2480995850622406
Lingen (Ems),2024,0.2185684647302904
Lingen (Ems),2025,0.2892406639004149
Luckenwalde,2019,0.1910588235294117
Luckenwalde,2020,0.3723109243697479
Luckenwalde,2021,0.2295882352941176
Luckenwalde,2022,0.2696274509803921
Luckenwalde,2023,0.2803725490196078
Luckenwalde,2024,0.2258589211618257
Luckenwalde,2025,0.3176666666666666
Ludwigsburg,2021,0.2267676348547718
Ludwigsburg,2022,0.1986307053941908
Ludwigsburg,2023,0.1717939142461964
Ludwigsburg,2024,0.244078431372549
Ludwigsburg,2025,0.2324398340248962
Ludwigshafen am Rhein,2007,0.2086058091286307
Ludwigshafen am Rhein,2008,0.1744854771784232
Ludwigshafen am Rhein,2009,0.1717462686567164
Ludwigshafen am Rhein,2010,0.2083725490196078
Ludwigshafen am Rhein,2011,0.3345490196078431
Ludwigshafen am Rhein,2012,0.2479792531120332
Ludwigshafen am Rhein,2013,0.2755684647302905
Ludwigshafen am Rhein,2014,0.2285588235294118
Ludwigshafen am Rhein,2015,0.2194149377593361
Ludwigshafen am Rhein,2016,0.243
Ludwigshafen am Rhein,2017,0.1958823529411765
Ludwigshafen am Rhein,2018,0.1845098039215686
Ludwigshafen am Rhein,2019,0.3019901960784313
Ludwigshafen am Rhein,2020,0.2740829875518672
Ludwigshafen am Rhein,2021,0.2351742738589211
Ludwigshafen am Rhein,2022,0.2274356846473029
Ludwigshafen am Rhein,2023,0.2044509803921568
Ludwigshafen am Rhein,2024,0.3113725490196078
Ludwigshafen am Rhein,2025,0.2798039215686275
Ludwigslust-Land,2019,0.2107551867219917
Ludwigslust-Land,2020,0.292235294117647
Ludwigslust-Land,2021,0.3022745098039215
Ludwigslust-Land,2022,0.3242941176470588
Ludwigslust-Land,2023,0.2434771784232365
Ludwigslust-Land,2024,0.1726307053941908
Ludwigslust-Land,2025,0.4167450980392157
Löcknitz-Penkun,2016,0.1838340248962655
Löcknitz-Penkun,2017,0.1893402489626556
Löcknitz-Penkun,2018,0.21950622406639
Löcknitz-Penkun,2019,0.3030196078431372
Löcknitz-Penkun,2020,0.3478725490196078
Löcknitz-Penkun,2021,0.2218796680497925
Löcknitz-Penkun,2022,0.2106763485477178
Löcknitz-Penkun,2023,0.2265477178423236
Löcknitz-Penkun,2024,0.2950995850622406
Löcknitz-Penkun,2025,0.2111078838174274
Lübeck,2007,0.2746878109452736
Lübeck,2008,0.3662091503267973
Lübeck,2009,0.2789019607843137
Lübeck,2010,0.2074705882352941
Lübeck,2011,0.2394190871369294
Lübeck,2012,0.1834356846473029
Lübeck,2013,0.3087843137254902
Lübeck,2014,0.2388039215686274
Lübeck,2015,0.2336307053941908
Lübeck,2016,0.2252941176470588
Lübeck,2017,0.339
Lübeck,2018,0.3649045643153527
Lübeck,2019,0.2281120331950207
Lübeck,2020,0.293156862745098
Lübeck,2021,0.2684117647058823
Lübeck,2022,0.194356846473029
Lübeck,2023,0.2029803921568627
Lübeck,2024,0.277990099009901
Lübeck,2025,0.2962904564315353
Lüchow (Wendland),2008,0.2320686274509804
Lüchow (Wendland),2009,0.2349751037344398
Lüchow (Wendland),2010,0.231448132780083
Lüchow (Wendland),2011,0.2274411764705882
Lüchow (Wendland),2012,0.2199460580912863
Lüchow (Wendland),2013,0.3183529411764706
Lüchow (Wendland),2014,0.3330622406639004
Lüchow (Wendland),2015,0.3153725490196078
Lüchow (Wendland),2016,0.2671346534653465
Lüchow (Wendland),2017,0.2704019607843137
Lüchow (Wendland),2018,1.0
Lüchow (Wendland),2019,0.2452614107883817
Lüchow (Wendland),2020,0.3926778711484594
Lüchow (Wendland),2021,0.3347058823529412
Lüchow (Wendland),2022,0.3107941176470588
Lüchow (Wendland),2023,0.2933137254901961
Lüchow (Wendland),2024,0.2898627450980392
Lüchow (Wendland),2025,0.1992323651452282
Lüdenscheid,2022,0.2685933609958506
Lüdenscheid,2023,0.1968547717842323
Lüdenscheid,2024,0.3293986928104575
Lüdenscheid,2025,0.3245294117647058
Lüneburg,2024,0.2340882352941176
Lüneburg,2025,0.2559803921568627
Lünen,2020,0.2173823529411765
Lünen,2021,0.3113529411764705
Lünen,2022,0.2578235294117647
Lünen,2023,0.2918132780082987
Lünen,2024,0.3228627450980392
Magdeburg,2007,0.1952745098039215
Magdeburg,2008,0.2547634854771784
Magdeburg,2009,0.2083725490196078
Magdeburg,2010,0.1972745098039215
Magdeburg,2011,0.2124937759336099
Magdeburg,2012,0.2246265560165975
Magdeburg,2013,0.219804979253112
Magdeburg,2014,0.2370373443983402
Magdeburg,2015,0.2875980392156863
Magdeburg,2016,0.3052457711442786
Magdeburg,2017,0.2551960784313725
Magdeburg,2018,0.1831452282157676
Magdeburg,2019,0.2124705882352941
Magdeburg,2020,0.1969751037344398
Magdeburg,2021,0.2435882352941176
Magdeburg,2022,0.2006666666666666
Magdeburg,2023,0.3022058823529411
Magdeburg,2024,0.2441784232365145
Magdeburg,2025,0.1879803921568627
Mainz,2004,0.2709170124481327
Mainz,2005,0.221921568627451
Mainz,2006,0.1875850622406639
Mainz,2007,0.3100746887966805
Mainz,2008,0.4506470588235294
Mainz,2009,0.2797717842323651
Mainz,2010,0.4213069306930693
Mainz,2011,0.1973921161825726
Mainz,2012,0.2399803921568627
Mainz,2013,0.2339803921568627
Mainz,2014,0.1794509803921568
Mainz,2015,0.3199215686274509
Mainz,2016,0.3077058823529411
Mainz,2017,0.2446862745098039
Mainz,2018,0.2085394190871369
Mainz,2019,0.2153319502074689
Mainz,2020,0.220156862745098
Mainz,2021,0.1878651452282157
Mainz,2022,0.402921568627451
Mainz,2023,0.2885196078431373
Mainz,2024,0.1955145228215767
Mainz,2025,0.2061908713692946
Mannheim,2006,0.2232780082987552
Mannheim,2007,0.2054149377593361
Mannheim,2008,0.2354509803921568
Mannheim,2009,0.1981960784313725
Mannheim,2010,0.1987136929460581
Mannheim,2011,0.2108755186721991
Mannheim,2012,0.2305352697095435
Mannheim,2013,0.2714313725490196
Mannheim,2014,0.2916078431372549
Mannheim,2015,0.249921568627451
Mannheim,2016,0.248313725490196
Mannheim,2017,0.2681372549019608
Mannheim,2018,0.2425686274509804
Mannheim,2019,0.3502549019607843
Mannheim,2020,0.1835477178423236
Mannheim,2021,0.4350392156862745
Mannheim,2022,0.3549211618257261
Mannheim,2023,0.2276234439834024
Mannheim,2024,0.3307058823529412
Mannheim,2025,0.2470588235294117
Marburg,2009,0.24
Marburg,2010,0.2187759336099585
Marburg,2011,0.2004896265560166
Marburg,2012,0.1994356846473029
Marburg,2013,0.2269607843137255
Marburg,2014,0.2386846473029046
Marburg,2015,0.2214190871369294
Marburg,2016,0.209954356846473
Marburg,2017,0.3514215686274509
Marburg,2018,0.2185560165975103
Marburg,2019,0.2137549019607843
Marburg,2020,0.2313692946058091
Marburg,2021,0.3666601307189543
Marburg,2022,0.2500829875518672
Marburg,2023,0.3178235294117646
Marburg,2024,0.2426224066390041
Marburg,2025,0.2175643153526971
Meiningen,2022,0.2136390041493776
Meiningen,2023,0.2229215686274509
Meiningen,2024,0.2069460580912863
Meiningen,2025,0.3262655601659751
Michelstadt,2023,0.2166016597510373
Michelstadt,2024,0.3493153526970954
Michelstadt,2025,0.253156862745098
Montabaur,2008,0.241
Märkische Schweiz,2007,0.2317842323651452
Märkische Schweiz,2008,0.2091960784313725
Märkische Schweiz,2009,0.3094117647058823
Märkische Schweiz,2010,0.2352821576763485
Märkische Schweiz,2011,0.1720392156862745
Märkische Schweiz,2012,0.2376058091286307
Märkische Schweiz,2013,0.1926176470588235
Märkische Schweiz,2014,0.3118921161825726
Märkische Schweiz,2015,0.2571908713692946
Märkische Schweiz,2016,0.2440331950207468
Märkische Schweiz,2017,0.2036763485477178
Märkische Schweiz,2018,0.2331369294605809
Märkische Schweiz,2019,0.2765477178423236
Märkische Schweiz,2020,0.2934313725490196
Märkische Schweiz,2021,0.1987925311203319
Märkische Schweiz,2022,0.2098672199170124
Märkische Schweiz,2023,0.3058823529411764
Märkische Schweiz,2024,0.2316307053941908
Märkische Schweiz,2025,0.2877883817427386
Mönchengladbach,2010,0.1986307053941908
Mönchengladbach,2011,0.3300588235294117
Mönchengladbach,2012,0.2129211618257261
Mönchengladbach,2013,0.2728823529411765
Mönchengladbach,2014,0.295078431372549
Mönchengladbach,2015,0.2322655601659751
Mönchengladbach,2016,0.2435601659751037
Mönchengladbach,2017,0.3105882352941176
Mönchengladbach,2018,0.2269917012448132
Mönchengladbach,2019,0.3320882352941176
Mönchengladbach,2020,0.2033858921161825
Mönchengladbach,2021,0.2037058823529411
Mönchengladbach,2022,0.1682745098039215
Mönchengladbach,2023,0.2950331950207469
Mönchengladbach,2024,0.2020392156862745
Mönchengladbach,2025,0.2224901960784313
Mörfelden-Walldorf,2021,0.2218091286307054
Mörfelden-Walldorf,2022,0.1907136929460581
Mühlhausen/Thüringen,2019,0.2022655601659751
Mühlhausen/Thüringen,2020,0.2444813278008298
Mühlhausen/Thüringen,2021,0.3668174273858921
Mühlhausen/Thüringen,2022,0.2094117647058823
Mühlhausen/Thüringen,2023,0.2067647058823529
Mühlhausen/Thüringen,2024,0.2616666666666666
Mühlhausen/Thüringen,2025,0.2305882352941176
Mülheim an der Ruhr,2008,0.2342941176470588
Mülheim an der Ruhr,2009,0.4195784313725489
Mülheim an der Ruhr,2010,0.2919411764705882
Mülheim an der Ruhr,2011,0.400656862745098
Mülheim an der Ruhr,2012,0.2314813278008298
Mülheim an der Ruhr,2013,0.2267634854771784
Mülheim an der Ruhr,2014,0.2671666666666666
Mülheim an der Ruhr,2015,0.3342450980392157
Mülheim an der Ruhr,2016,1.0
Mülheim an der Ruhr,2017,0.2003692946058091
Mülheim an der Ruhr,2018,0.2565352697095436
Mülheim an der Ruhr,2019,0.2464313725490196
Mülheim an der Ruhr,2020,0.2564248366013072
Mülheim an der Ruhr,2021,0.2397551867219917
Mülheim an der Ruhr,2022,0.3014509803921568
Mülheim an der Ruhr,2023,0.4124509803921569
Mülheim an der Ruhr,2024,0.2409211618257261
Mülheim an der Ruhr,2025,0.2242946058091286
München,2008,0.2789999999999999
München,2009,0.3021782178217821
München,2010,0.2619607843137255
München,2011,0.2539215686274509
München,2012,0.2093443983402489
München,2013,0.2271764705882353
München,2014,0.2481078838174273
München,2015,0.2857843137254902
München,2016,0.2400392156862745
München,2017,0.2391176470588235
München,2018,0.2569803921568627
München,2019,0.2755882352941176
München,2020,0.2157634854771784
München,2021,0.2614313725490196
München,2022,0.2469336099585062
München,2023,0.196156862745098
München,2024,0.296149377593361
München,2025,0.2724640522875817
Münster,2008,0.2575196078431372
Münster,2009,0.3438039215686274
Münster,2010,0.2278431372549019
Münster,2011,0.2152697095435684
Münster,2012,0.2747058823529412
Münster,2013,0.2602572614107883
Münster,2014,0.2228039215686274
Münster,2015,0.2851176470588235
Münster,2016,0.3126804979253111
Münster,2017,0.2146597510373444
Münster,2018,0.2427745098039216
Münster,2019,0.217
Münster,2020,0.2387156862745098
Münster,2021,0.2335882352941176
Münster,2022,0.2092697095435684
Münster,2023,0.3462821576763485
Münster,2024,0.1935767634854771
Münster,2025,0.2945882352941176
Nauen,2008,0.2631176470588235
Nauen,2009,0.2080954356846473
Nauen,2010,0.219253112033195
Nauen,2011,0.2648823529411764
Nauen,2012,0.2611666666666666
Nauen,2013,0.294149377593361
Nauen,2014,0.2720196078431373
Nauen,2015,0.2096058091286307
Nauen,2016,0.2574117647058823
Nauen,2017,0.284156862745098
Nauen,2018,0.4565686274509803
Nauen,2019,0.1933651452282157
Nauen,2020,0.2421764705882353
Nauen,2021,0.2802352941176471
Nauen,2022,0.2379460580912863
Nauen,2023,0.1868755186721991
Nauen,2025,0.2102222222222222
Netphen,2022,0.2064273858921162
Netphen,2023,0.2291078838174274
Netphen,2024,0.2669751037344398
Netphen,2025,0.2310196078431372
Nettetal,2023,0.2407800829875518
Nettetal,2024,0.2251993464052287
Nettetal,2025,0.2369215686274509
Netzschkau-Limbach,2021,0.230735294117647
Netzschkau-Limbach,2022,0.2530663900414938
Netzschkau-Limbach,2023,0.3301618257261411
Netzschkau-Limbach,2024,0.2787468879668049
Neu-Ulm,2014,0.2434705882352941
Neu-Ulm,2015,0.2789607843137255
Neu-Ulm,2016,0.2190980392156862
Neu-Ulm,2017,0.236701244813278
Neu-Ulm,2018,0.1958257261410788
Neu-Ulm,2019,0.1976666666666666
Neu-Ulm,2020,0.3554313725490196
Neu-Ulm,2021,0.245078431372549
Neu-Ulm,2022,0.222356846473029
Neu-Ulm,2023,0.2363039215686274
Neu-Ulm,2024,0.3608091286307054
Neu-Ulm,2025,0.2241784232365145
Neubrandenburg,2023,0.3492156862745098
Neubrandenburg,2024,0.2768838174273859
Neubrandenburg,2025,0.3076514522821577
Neuenburg am Rhein,2021,0.2706078431372549
Neuenburg am Rhein,2022,0.2716514522821577
Neuenburg am Rhein,2023,0.2913921568627451
Neuenburg am Rhein,2024,0.2940082987551867
Neuenburg am Rhein,2025,0.3666016597510373
Neuhaus am Rennweg,2022,0.1879958506224066
Neuhaus am Rennweg,2023,0.2262406639004149
Neuhaus am Rennweg,2024,0.3303112033195021
Neuhaus am Rennweg,2025,0.2481372549019607
Neuhausen/Erzgeb.,2005,0.3012647058823529
Neuhausen/Erzgeb.,2006,0.2292904564315352
Neuhausen/Erzgeb.,2007,0.2396862745098039
Neuhausen/Erzgeb.,2008,0.2610882352941177
Neuhausen/Erzgeb.,2009,0.2873627450980392
Neuhausen/Erzgeb.,2021,0.2742647058823529
Neuhausen/Erzgeb.,2022,0.2465145228215767
Neuhausen/Erzgeb.,2023,0.2206141078838174
Neuhausen/Erzgeb.,2024,0.2538008298755186
Neuhausen/Erzgeb.,2025,0.2221286307053942
Neuruppin,2017,0.2714117647058823
Neuruppin,2018,0.2184439834024896
Neuruppin,2019,0.2233774509803921
Neuruppin,2020,0.2236721991701244
Neuruppin,2021,0.2659294605809129
Neuruppin,2022,0.2321327800829875
Neuruppin,2023,0.2317843137254902
Neuruppin,2024,0.2312448132780082
Neuruppin,2025,0.2324107883817427
Neustadt a.d. Donau,2015,0.2784232365145228
Neuwied,2004,0.2936141078838174
Neuwied,2005,0.1934678423236514
Neuwied,2006,0.3638300653594771
Neuwied,2007,0.2167448132780083
Neuwied,2008,0.4608823529411764
Neuwied,2009,0.224343137254902
Neuwied,2010,0.2264066390041493
Neuwied,2011,0.3209411764705882
Neuwied,2012,0.2259419087136929
Neuwied,2013,0.3189585062240664
Neuwied,2014,0.2133941908713693
Neuwied,2015,0.2361535269709543
Neuwied,2016,0.2410196078431372
Neuwied,2017,0.1974633471645919
Neuwied,2018,0.2239656862745097
Neuwied,2019,0.3096764705882353
Neuwied,2020,0.2281960784313725
Neuwied,2021,0.2543137254901961
Neuwied,2022,0.2680196078431373
Neuwied,2023,0.1995933609958506
Neuwied,2024,0.2276265560165975
Neuwied,2025,0.2835882352941176
Norderney,2024,0.2681764705882353
Norderney,2025,0.2907843137254902
Nordhausen,2021,0.3669019607843137
Nordhausen,2022,0.2351286307053941
Nordhausen,2023,0.2643137254901961
Nordhausen,2024,0.1937510373443983
Nordhausen,2025,0.2418298755186722
Nürnberg,2008,0.2451803921568627
Nürnberg,2009,0.2766078431372549
Nürnberg,2010,0.231235294117647
Nürnberg,2011,0.3153137254901961
Nürnberg,2012,0.2472780082987551
Nürnberg,2013,0.2710588235294117
Nürnberg,2014,0.2323725490196078
Nürnberg,2015,0.2147842323651452
Nürnberg,2016,0.2943333333333333
Nürnberg,2017,0.2239751037344398
Nürnberg,2018,0.2236078431372549
Nürnberg,2019,0.3635882352941176
Nürnberg,2020,0.2759607843137255
Nürnberg,2021,0.3899607843137255
Nürnberg,2022,0.3454705882352941
Nürnberg,2023,0.2072697095435684
Nürnberg,2024,0.2467254901960784
Nürnberg,2025,0.3208298755186721
Oberes Geratal,2010,0.2511078431372548
Oberes Geratal,2011,0.2680196078431373
Oberes Geratal,2012,0.2368215767634854
Oberes Geratal,2013,0.2284564315352697
Oberes Geratal,2014,0.2554979253112033
Oberes Geratal,2015,0.2809958506224066
Oberes Geratal,2016,0.2278008298755186
Oberes Geratal,2017,0.2824117647058823
Oberes Geratal,2018,0.2142406639004149
Oberes Geratal,2019,0.2023029045643153
Oberes Geratal,2020,0.193392156862745
Oberes Geratal,2021,0.3216470588235294
Oberes Geratal,2022,0.2051286307053942
Oberes Geratal,2023,0.2198235294117647
Oberes Geratal,2024,0.228
Oberes Geratal,2025,0.2562116182572614
Osnabrück,2007,0.2643402489626556
Osnabrück,2008,0.4105490196078431
Osnabrück,2009,0.3092009803921569
Osnabrück,2010,0.2173921568627451
Osnabrück,2011,0.2478423236514522
Osnabrück,2012,0.2750098039215686
Osnabrück,2013,0.1829045643153526
Osnabrück,2014,0.4517647058823529
Osnabrück,2015,0.5153725490196078
Osnabrück,2016,0.1725477178423236
Osnabrück,2017,0.2035767634854771
Osnabrück,2018,0.2379411764705882
Osnabrück,2019,0.2626274509803921
Osnabrück,2020,0.2061442786069652
Osnabrück,2021,0.237298755186722
Osnabrück,2022,0.2021960784313725
Osnabrück,2023,0.2721372549019608
Osnabrück,2024,0.2193029045643153
Osnabrück,2025,0.2153858921161826
Osternienburger Land,2010,0.2334896265560166
Osternienburger Land,2011,0.3726274509803922
Osternienburger Land,2012,0.2220098039215686
Osternienburger Land,2013,0.2633137254901961
Osternienburger Land,2014,0.3091372549019608
Osternienburger Land,2015,0.3227647058823529
Osternienburger Land,2016,0.2178962655601659
Osternienburger Land,2017,0.2747676348547717
Osternienburger Land,2018,0.2926597510373444
Osternienburger Land,2019,0.2332745098039216
Osternienburger Land,2020,0.308235294117647
Osternienburger Land,2021,0.2233029045643153
Osternienburger Land,2022,0.228235294117647
Osternienburger Land,2023,0.353045643153527
Osternienburger Land,2024,0.2959607843137254
Osternienburger Land,2025,0.3372843137254901
Pforzheim,2011,0.1929045643153527
Pforzheim,2012,0.3810980392156862
Pforzheim,2013,0.2207261410788381
Pforzheim,2014,0.2534149377593361
Pforzheim,2015,0.2557058823529411
Pforzheim,2016,0.2367925311203319
Pforzheim,2017,0.3050098039215686
Pforzheim,2018,0.2448381742738589
Pforzheim,2019,0.2564705882352941
Pforzheim,2020,0.2314771784232365
Pforzheim,2021,0.3105098039215686
Pforzheim,2022,0.2884107883817428
Pforzheim,2023,0.2731372549019608
Pforzheim,2024,0.2349803921568627
Pforzheim,2025,0.2832821576763485
Potsdam,2003,0.2204979253112033
Potsdam,2004,0.2163983402489626
Potsdam,2008,0.2583725490196078
Potsdam,2009,0.2406666666666666
Potsdam,2010,0.2751659751037344
Potsdam,2011,0.2040331950207468
Potsdam,2012,0.347764705882353
Potsdam,2013,0.2529313725490196
Potsdam,2014,0.3369607843137254
Potsdam,2015,0.3588529411764706
Potsdam,2016,0.3282116182572614
Potsdam,2017,0.254156862745098
Potsdam,2018,0.2247843137254902
Potsdam,2019,0.2486514522821576
Potsdam,2020,0.2740392156862745
Potsdam,2021,0.2688235294117647
Potsdam,2022,0.2274439834024896
Potsdam,2023,0.2226617647058823
Potsdam,2024,0.2196846473029045
Potsdam,2025,0.200078431372549
Radebeul,2021,0.2738823529411764
Radebeul,2022,0.3443431372549019
Radebeul,2023,0.3043235294117646
Radebeul,2024,0.2459585062240664
Radebeul,2025,0.2526078431372549
Ratingen,2020,0.3447254901960784
Ratingen,2021,0.2516372549019608
Ratingen,2022,0.3378627450980392
Ratingen,2023,0.2975490196078431
Ratingen,2024,0.2160414937759336
Ratingen,2025,0.2447800829875518
Raunheim,2017,0.2318235294117647
Raunheim,2018,0.2617647058823529
Raunheim,2019,0.3268039215686275
Raunheim,2020,0.2040622406639004
Raunheim,2021,0.3216804979253112
Raunheim,2022,0.2386274509803921
Raunheim,2023,0.410156862745098
Raunheim,2024,0.2058257261410788
Raunheim,2025,0.2202240663900415
Reutlingen,2011,0.3405228758169935
Reutlingen,2012,0.2061369294605809
Reutlingen,2013,0.3140196078431372
Reutlingen,2014,0.486032679738562
Reutlingen,2015,0.3237254901960784
Reutlingen,2016,0.2250995850622406
Reutlingen,2017,0.2183983402489626
Reutlingen,2018,0.2161452282157676
Reutlingen,2019,0.2373775933609958
Reutlingen,2020,0.1904356846473029
Reutlingen,2021,0.2496274509803921
Reutlingen,2022,0.2011991701244813
Reutlingen,2023,0.2248431372549019
Reutlingen,2024,0.1859958506224066
Reutlingen,2025,0.24650622406639
Riedstadt,2024,0.237
Riedstadt,2025,0.2347254901960784
Rinteln,2008,0.2351176470588235
Rinteln,2009,0.2889019607843137
Rinteln,2010,0.3000980392156863
Rinteln,2011,0.2207634854771784
Rinteln,2012,0.3370497925311203
Rinteln,2013,0.237
Rinteln,2014,0.290764705882353
Rinteln,2015,0.2046348547717842
Rinteln,2016,0.3360041493775934
Rinteln,2017,0.2612323651452282
Rinteln,2018,0.2699999999999999
Rinteln,2019,0.2302033195020746
Rinteln,2020,0.2806970954356846
Rinteln,2021,0.2312116182572614
Rinteln,2022,0.6015594059405941
Rinteln,2023,0.3811078431372549
Rinteln,2024,0.2304313725490195
Rinteln,2025,0.2543941908713693
Rodalben,2003,0.2444066390041493
Rodalben,2004,0.3215098039215686
Rodalben,2005,0.2123827800829875
Rodalben,2006,0.2041666666666666
Rodalben,2007,0.2113485477178423
Rodalben,2008,0.2003609958506224
Rodalben,2009,0.306921568627451
Rodalben,2010,0.1917157676348547
Rodalben,2011,0.2211764705882352
Rodalben,2012,0.3319211618257261
Rodalben,2013,0.206735294117647
Rodalben,2014,0.4721176470588235
Rodalben,2015,0.2075477178423236
Rodalben,2016,0.1971784232365145
Rodalben,2017,0.2645643153526971
Rodalben,2018,0.2339253112033195
Rodalben,2019,0.2175098039215686
Rodalben,2020,0.2059411764705882
Rodalben,2021,0.2337219917012448
Rodalben,2022,0.1903921568627451
Rodalben,2023,0.2733725490196078
Rodalben,2024,0.2093609958506224
Rodalben,2025,0.2197427385892116
Rostock,2008,0.2094896265560165
Rostock,2009,0.2256666666666666
Rostock,2010,0.2043775933609958
Rostock,2011,0.3013235294117647
Rostock,2012,0.2034666666666666
Rostock,2013,0.242460580912863
Rostock,2014,0.2787219917012448
Rostock,2015,0.2627261410788382
Rostock,2016,0.2969607843137254
Rostock,2017,0.3228235294117647
Rostock,2018,0.2846732673267326
Rostock,2019,0.2613137254901961
Rostock,2020,0.3073823529411765
Rostock,2021,0.2348713692946058
Rostock,2022,0.2429377593360996
Rostock,2023,0.2628039215686275
Rostock,2024,0.2379460580912863
Rostock,2025,0.2466078431372548
Rostocker Heide,2019,0.36149376114082
Rostocker Heide,2020,0.2195359477124183
Rostocker Heide,2021,0.2006473029045643
Rostocker Heide,2022,0.3058348258706467
Rostocker Heide,2023,0.303235294117647
Rostocker Heide,2024,0.3067450980392157
Rostocker Heide,2025,0.3135392156862745
Röbel-Müritz,2016,0.2683529411764705
Röbel-Müritz,2017,0.2548879668049792
Röbel-Müritz,2018,0.2399917012448132
Röbel-Müritz,2019,0.2774803921568627
Röbel-Müritz,2020,0.2456862745098039
Röbel-Müritz,2021,0.2337676348547717
Röbel-Müritz,2022,0.2178039215686274
Röbel-Müritz,2023,0.3409019607843138
Röbel-Müritz,2024,0.2276763485477178
Röbel-Müritz,2025,0.2015684647302904
Saalfeld/Saale,2021,0.2751274509803922
Saalfeld/Saale,2022,0.3718627450980392
Saalfeld/Saale,2023,0.2778745098039216
Saalfeld/Saale,2024,0.2414705882352941
Saalfeld/Saale,2025,0.3087450980392157
Saarbrücken,2007,0.2927343283582089
Saarbrücken,2008,0.2044107883817427
Saarbrücken,2009,0.2844509803921569
Saarbrücken,2010,0.2473402489626556
Saarbrücken,2011,0.2139411764705882
Saarbrücken,2012,0.4380196078431372
Saarbrücken,2013,0.1933485477178423
Saarbrücken,2014,0.1901813725490196
Saarbrücken,2015,0.2619607843137255
Saarbrücken,2016,0.9524509803921568
Saarbrücken,2017,0.2017261410788381
Saarbrücken,2018,0.2537053941908713
Saarbrücken,2019,0.3088921161825726
Saarbrücken,2020,0.2074398340248962
Saarbrücken,2021,0.2587745098039216
Saarbrücken,2022,0.2401244813278008
Saarbrücken,2023,0.3014771784232365
Saarbrücken,2024,0.2184509803921568
Saarbrücken,2025,0.2093029045643153
Salzgitter,2013,0.2237344398340249
Salzgitter,2014,0.2239585062240663
Salzgitter,2015,0.2262647058823529
Salzgitter,2016,0.3855686274509804
Salzgitter,2017,0.216078431372549
Salzgitter,2018,0.230551867219917
Salzgitter,2019,0.2846473029045643
Salzgitter,2020,0.1880871369294605
Salzgitter,2021,0.2603725490196078
Salzgitter,2022,0.2069875518672199
Salzgitter,2023,0.2343526970954356
Salzgitter,2024,0.2770392156862745
Salzgitter,2025,0.2169834024896265
Schwandorf,2012,0.2067078838174273
Schwedt/Oder,2013,0.2571960784313725
Schwedt/Oder,2014,0.226735294117647
Schwedt/Oder,2015,0.2370912863070539
Schwedt/Oder,2016,0.2282406639004149
Schwedt/Oder,2017,0.2317047289504037
Schwedt/Oder,2018,0.2687843137254902
Schwedt/Oder,2019,0.4501666666666666
Schwedt/Oder,2020,0.3041244813278008
Schwedt/Oder,2021,0.1936846473029045
Schwedt/Oder,2022,0.2264356846473029
Schwedt/Oder,2023,0.3533529411764706
Schwedt/Oder,2024,0.2319411764705882
Schwedt/Oder,2025,0.2226274509803921
Schwerte,2010,0.2159738562091503
Schwerte,2011,0.2865490196078431
Schwerte,2012,0.2315684647302904
Schwerte,2013,0.2112821782178218
Schwerte,2014,0.2319585062240663
Schwerte,2015,0.1973267973856209
Schwerte,2016,0.1927254901960784
Schwerte,2017,0.2104509803921568
Schwerte,2018,0.210356846473029
Schwerte,2019,0.259313725490196
Schwerte,2020,0.2074522821576763
Schwerte,2021,0.2512156862745098
Schwerte,2022,0.2179502074688797
Schwerte,2023,0.2693333333333333
Schwerte,2024,0.2119803921568627
Schwerte,2025,0.1981244813278008
Schwäbisch Hall,2024,0.1743921568627451
Schwäbisch Hall,2025,0.2176078431372549
Senftenberg,2005,0.2455490196078431
Simmerath,2007,0.2870196078431372
Simmerath,2008,0.2568235294117647
Simmerath,2009,0.1967843137254901
Simmerath,2010,0.3413921568627451
Simmerath,2011,0.2278091286307054
Simmerath,2012,0.1913529411764706
Simmerath,2013,0.2215560165975104
Simmerath,2014,0.3270392156862745
Simmerath,2015,0.1981176470588235
Simmerath,2016,0.2828627450980392
Simmerath,2017,0.1804979253112033
Simmerath,2018,0.2544313725490196
Simmerath,2019,0.272078431372549
Simmerath,2020,0.2843333333333333
Simmerath,2021,0.2940588235294117
Simmerath,2022,0.233149377593361
Simmerath,2023,0.2107128712871287
Soest,2010,0.2649803921568627
Soest,2011,0.3019281045751634
Soest,2012,0.3848196078431372
Soest,2013,0.266921568627451
Soest,2014,0.2691241830065359
Soest,2015,0.2414190871369294
Soest,2016,0.2792549019607843
Soest,2017,0.3287287581699347
Soest,2018,0.2953333333333333
Soest,2019,0.239
Soest,2020,0.266
Soest,2021,0.2425103734439834
Soest,2022,0.2183333333333333
Soest,2023,0.3708235294117646
Soest,2024,0.1814967320261438
Soest,2025,0.2358713692946058
Solingen,2021,0.2256470588235294
Solingen,2022,0.3964901960784314
Solingen,2023,0.266253112033195
Solling (Landkreis Northeim),2024,0.2178431372549019
Solling (Landkreis Northeim),2025,0.2029215686274509
Sondershausen,2011,0.306921568627451
Sondershausen,2014,0.1755269709543568
Sondershausen,2023,0.2687344398340249
Sondershausen,2024,0.248
Sondershausen,2025,0.2969087136929461
Sonnenbühl,2011,0.2281274509803921
Sonnenbühl,2012,0.2272745098039215
Sonnenbühl,2013,0.182402489626556
Sonnenbühl,2014,0.2543399339933993
Sonnenbühl,2015,0.2465686274509803
Sonnenbühl,2016,0.2302323651452282
Sonnenbühl,2017,0.1937999999999999
Sonnenbühl,2018,0.2890522875816994
Sonnenbühl,2019,0.2371078838174274
Sonnenbühl,2020,0.2364315352697095
Sonnenbühl,2021,0.2405020746887966
Sonnenbühl,2022,0.3407800829875518
Sonnenbühl,2023,0.3777549019607843
Sonnenbühl,2024,0.2685196078431373
Sonnenbühl,2025,0.2609709543568465
Speyer,2014,0.2532941176470588
Speyer,2015,0.2264771784232365
Speyer,2016,0.2592058823529412
Speyer,2017,0.2240995850622406
Speyer,2018,0.2237468879668049
Speyer,2019,0.2448039215686274
Speyer,2020,0.243078431372549
Speyer,2021,0.2733725490196078
Speyer,2022,0.3560497925311203
Speyer,2023,0.3760196078431372
Spremberg,2011,0.320671568627451
Spremberg,2014,0.3208431372549019
Spremberg,2015,0.3644705882352941
Spremberg,2016,0.2698235294117647
Spremberg,2017,0.2379336099585062
Spremberg,2018,0.2414813278008299
Spremberg,2019,0.2000954356846473
Spremberg,2020,0.2099607843137255
Spremberg,2021,0.2388423236514522
Spremberg,2022,0.224156862745098
Spremberg,2023,0.2650457516339869
Spremberg,2024,0.239356862745098
Spremberg,2025,0.2357842323651452
Staufen-Münstertal,2006,0.2253900414937759
Staufen-Münstertal,2007,0.4122941176470588
Staufen-Münstertal,2008,0.3042039215686274
Staufen-Münstertal,2009,0.2014411764705882
Staufen-Münstertal,2010,0.2159045643153527
Staufen-Münstertal,2011,0.2753529411764706
Staufen-Münstertal,2012,0.2053278008298755
Staufen-Münstertal,2013,0.3837254901960784
Staufen-Münstertal,2014,0.2267745098039215
Staufen-Münstertal,2015,0.213253112033195
Staufen-Münstertal,2016,0.2118423236514522
Staufen-Münstertal,2017,0.256149377593361
Staufen-Münstertal,2018,0.2007053941908713
Staufen-Münstertal,2019,0.2419875518672199
Staufen-Münstertal,2020,0.2638627450980392
Staufen-Münstertal,2021,0.2057427385892116
Staufen-Münstertal,2022,0.225701244813278
Staufen-Münstertal,2023,0.1837634854771784
Staufen-Münstertal,2024,0.2482549019607843
Staufen-Münstertal,2025,0.3399411764705882
Stuttgart,2006,0.2461120331950207
Stuttgart,2007,0.2238713692946058
Stuttgart,2008,0.2082282157676348
Stuttgart,2009,0.3433921568627451
Stuttgart,2010,0.2927510373443983
Stuttgart,2011,0.2546862745098039
Stuttgart,2012,0.2524411764705883
Stuttgart,2013,0.5803725490196079
Stuttgart,2014,0.250235294117647
Stuttgart,2015,0.2381369294605809
Stuttgart,2016,0.2594901960784314
Stuttgart,2017,0.2274979253112033
Stuttgart,2018,0.2050196078431372
Stuttgart,2019,0.1965686274509804
Stuttgart,2020,0.2934705882352941
Stuttgart,2021,0.2563195020746888
Stuttgart,2022,0.2484066390041494
Stuttgart,2023,0.296156862745098
Stuttgart,2024,0.2595882352941177
Stuttgart,2025,0.2650745098039216
Sylt,2024,0.2822941176470588
Sylt,2025,0.320578431372549
Tauberbischofsheim,2021,0.2538672199170124
Tauberbischofsheim,2022,0.2331825726141079
Tauberbischofsheim,2023,0.3191503267973856
Tauberbischofsheim,2024,0.2655394190871369
Tauberbischofsheim,2025,0.3382483660130718
Thalfang am Erbeskopf,2003,0.2433529411764705
Thalfang am Erbeskopf,2004,0.2502549019607843
Tiefenbach,2014,0.2110995850622406
Tiefenbach,2015,0.2488547717842323
Tiefenbach,2016,0.2132240663900415
Tiefenbach,2017,0.335313725490196
Tiefenbach,2018,0.2113529411764705
Tiefenbach,2019,0.2376265560165975
Tiefenbach,2020,0.2279834024896265
Tiefenbach,2021,0.2534771784232365
Tiefenbach,2022,0.2683725490196078
Tiefenbach,2023,0.301235294117647
Tiefenbach,2024,0.2789958506224066
Tiefenbach,2025,0.2373195020746888
Trier,2007,0.2168235294117647
Trier,2008,0.2415245098039216
Trier,2009,0.2319045643153527
Trier,2010,0.3995742574257425
Trier,2011,0.2348423236514523
Trier,2012,0.211448132780083
Trier,2013,0.2518091286307053
Trier,2014,0.2054066390041493
Trier,2015,0.2084901960784313
Trier,2016,0.2191764705882353
Trier,2017,0.279313725490196
Trier,2018,0.2212157676348548
Trier,2019,0.2497510373443983
Trier,2020,0.2285686274509804
Trier,2021,0.2372157676348547
Trier,2022,0.435843137254902
Trier,2023,0.4837058823529412
Trier,2024,0.2683333333333333
Trier,2025,0.2239585062240663
Trostberg,2012,0.2638423236514522
Trostberg,2013,0.2336514522821577
Trostberg,2014,0.2288235294117647
Trostberg,2015,0.2502365145228216
Trostberg,2016,0.2110497925311203
Trostberg,2017,0.2111176470588235
Trostberg,2018,0.3985098039215686
Trostberg,2019,0.4113986928104575
Trostberg,2020,0.2870829875518672
Trostberg,2021,0.2226078431372549
Trostberg,2022,0.2978823529411765
Trostberg,2023,0.2246588235294118
Trostberg,2024,0.2417450980392157
Trostberg,2025,0.2658235294117647
Tübingen,2011,0.3083137254901961
Tübingen,2012,0.2197450980392157
Tübingen,2013,0.3024509803921569
Tübingen,2014,0.1997843137254902
Tübingen,2015,0.2077095435684647
Tübingen,2016,0.2191161825726141
Tübingen,2017,0.3516617647058824
Tübingen,2018,0.2352448132780083
Tübingen,2019,0.3533402489626556
Tübingen,2020,0.2023983402489626
Tübingen,2021,0.2144705882352941
Tübingen,2022,0.2266862745098039
Tübingen,2023,0.2544313725490196
Tübingen,2024,0.2175359477124183
Tübingen,2025,0.2666862745098039
Ulm,2011,0.3361176470588235
Ulm,2012,0.2194117647058824
Ulm,2013,0.3062941176470588
Ulm,2014,0.2526666666666666
Ulm,2015,0.2527450980392157
Ulm,2016,0.226656862745098
Ulm,2017,0.1984117647058823
Ulm,2018,0.2554190871369294
Ulm,2019,0.2660980392156862
Ulm,2020,0.2468589211618257
Ulm,2021,0.3500995850622406
Ulm,2022,0.2895809128630705
Ulm,2023,0.2326470588235294
Ulm,2024,0.2396390041493775
Ulm,2025,0.1910788381742738
Villingen-Schwenningen,2021,0.2308980392156862
Villingen-Schwenningen,2022,0.2279607843137255
Villingen-Schwenningen,2023,0.2402738589211618
Villingen-Schwenningen,2024,0.3985098039215686
Villingen-Schwenningen,2025,0.2008257261410788
Völklingen,2024,0.268564705882353
Völklingen,2025,0.203313725490196
Walsrode,2024,0.2675490196078431
Walsrode,2025,0.2735588235294117
Weiden i.d. OPf.,2012,0.3144019607843137
Weil am Rhein,2011,0.2941764705882353
Weil am Rhein,2012,0.1969668049792531
Weil am Rhein,2013,0.2325975103734439
Weil am Rhein,2014,0.3229509803921568
Weil am Rhein,2015,0.3268039215686275
Weil am Rhein,2016,0.3061742738589211
Weil am Rhein,2017,0.3291176470588235
Weil am Rhein,2018,0.2357385620915032
Weil am Rhein,2019,0.2363692946058091
Weil am Rhein,2020,0.1948464730290456
Weil am Rhein,2021,0.2431535269709543
Weil am Rhein,2022,0.2103278008298755
Weil am Rhein,2023,0.2081659751037344
Weil am Rhein,2024,0.2190290456431535
Weil am Rhein,2025,0.3382026143790849
Weimar,2023,0.3229917012448132
Weimar,2024,0.3910588235294117
Weimar,2025,0.2580980392156863
Wermsdorf,2010,0.3147450980392157
Wermsdorf,2011,0.1772581699346405
Wermsdorf,2012,0.290954356846473
Wermsdorf,2013,0.3594313725490196
Wermsdorf,2014,0.1921764705882353
Wermsdorf,2015,0.220804979253112
Wermsdorf,2016,0.3130995850622406
Wermsdorf,2017,0.2305352697095435
Wermsdorf,2018,0.2408627450980392
Wermsdorf,2019,0.2341764705882353
Wermsdorf,2020,0.2417344398340249
Wermsdorf,2021,0.3067647058823529
Wernigerode,2023,0.2213485477178423
Wernigerode,2024,0.2412033195020747
Wernigerode,2025,0.222597510373444
Wesel,2010,0.1995269709543568
Wesel,2011,0.2342156862745098
Wesel,2012,0.2423921568627451
Wesel,2013,0.1996078431372549
Wesel,2014,0.207078431372549
Wesel,2015,0.2438257261410788
Wesel,2016,0.3295882352941177
Wesel,2017,0.2947156862745098
Wesel,2018,0.2162282157676348
Wesel,2019,0.2224232365145228
Wesel,2020,0.2183443983402489
Wesel,2021,0.2573823529411764
Wesel,2022,0.4125980392156863
Wesel,2023,0.3324411764705882
Wesel,2024,0.216744121715076
Wesel,2025,0.1930392156862745
Wetzlar,2024,0.2276078431372549
Wetzlar,2025,0.208103734439834
Wiesbaden,2005,0.2408796680497925
Wiesbaden,2006,0.2101825726141079
Wiesbaden,2007,0.27309900990099
Wiesbaden,2008,0.233078431372549
Wiesbaden,2009,0.2044315352697095
Wiesbaden,2010,0.2143585062240664
Wiesbaden,2011,0.2332157676348547
Wiesbaden,2012,0.2241908713692946
Wiesbaden,2013,0.2175098039215686
Wiesbaden,2014,0.285156862745098
Wiesbaden,2015,0.1948215767634854
Wiesbaden,2016,0.1985020746887967
Wiesbaden,2017,0.3628823529411765
Wiesbaden,2018,0.2754313725490196
Wiesbaden,2019,0.2753360995850622
Wiesbaden,2020,0.2236862745098039
Wiesbaden,2021,0.2227320261437908
Wiesbaden,2022,0.3143811881188119
Wiesbaden,2023,0.3392521008403361
Wiesbaden,2024,0.2114564315352697
Wiesbaden,2025,0.2124564315352697
Wiesloch,2021,0.2295809128630705
Wiesloch,2022,0.2269502074688796
Wiesloch,2023,0.1972053941908713
Wiesloch,2024,0.2262821576763485
Wiesloch,2025,0.2556887966804979
Wildau,2022,0.4613529411764706
Wildau,2023,0.1809253112033195
Wildau,2024,0.2846666666666667
Wildau,2025,0.2615196078431372
Wilhelmshaven,2008,0.2012156862745098
Wilhelmshaven,2009,0.2363526970954357
Wilhelmshaven,2010,0.2396274509803921
Wilhelmshaven,2011,0.2318755186721991
Wilhelmshaven,2012,0.289655601659751
Wilhelmshaven,2013,0.3276470588235294
Wilhelmshaven,2014,0.2536470588235294
Wilhelmshaven,2015,0.323551867219917
Wilhelmshaven,2016,0.3207647058823529
Wilhelmshaven,2017,0.2513039215686274
Wilhelmshaven,2018,0.1982745098039215
Wilhelmshaven,2019,0.2444117647058823
Wilhelmshaven,2020,0.2116887966804979
Wilhelmshaven,2021,0.2758627450980392
Wilhelmshaven,2022,0.3415849673202614
Wilhelmshaven,2023,0.2452156862745098
Wilhelmshaven,2024,0.2266182572614108
Wilhelmshaven,2025,0.2872745098039215
Wismar,2022,0.2775725490196079
Wismar,2023,0.1880290456431535
Wismar,2024,0.2876078431372549
Wismar,2025,0.1747712418300653
Wittenberg,2023,0.214078431372549
Wittenberg,2024,0.2126514522821576
Wittenberg,2025,0.3027427385892116
Wittenberge,2007,0.2372780082987551
Wittenberge,2008,0.2988235294117647
Wittenberge,2009,0.2095186721991701
Wittenberge,2010,0.2051764705882353
Wittenberge,2011,0.187759336099585
Wittenberge,2012,0.2400497925311203
Wittenberge,2013,0.2489901960784313
Wittenberge,2014,0.2622199170124481
Wittenberge,2015,0.3132156862745098
Wittenberge,2016,0.1947647058823529
Wittenberge,2017,0.2974901960784313
Wittenberge,2018,0.1824607843137255
Wittenberge,2019,0.1985269709543568
Wittenberge,2020,0.3478954248366013
Wittenberge,2021,0.3158039215686274
Wittenberge,2022,0.2972679738562091
Wittenberge,2023,0.2421372549019607
Wittenberge,2024,0.2260588235294117
Wittenberge,2025,0.293
Wolfsburg,2024,0.271460580912863
Wolfsburg,2025,0.2376514522821576
Worms,2014,0.2670294117647059
Worms,2015,0.3126862745098039
Worms,2016,0.2137427385892116
Worms,2017,0.2402240663900414
Worms,2018,0.3194039215686274
Worms,2019,0.2296274509803921
Worms,2020,0.1965767634854771
Worms,2021,0.2533529411764705
Worms,2022,0.261078431372549
Worms,2023,0.2099626556016597
Worms,2024,0.2306078431372548
Worms,2025,0.2306274509803921
Wuppertal,2008,0.3978509803921568
Wuppertal,2009,0.2229170124481327
Wuppertal,2010,0.3116940298507462
Wuppertal,2011,0.2198755186721991
Wuppertal,2012,0.2121535269709543
Wuppertal,2013,0.1748381742738589
Wuppertal,2014,0.2535346534653465
Wuppertal,2015,0.2177450980392156
Wuppertal,2016,0.2130497925311203
Wuppertal,2017,0.2343319502074688
Wuppertal,2018,0.2676887966804979
Wuppertal,2019,0.2586348547717843
Wuppertal,2020,0.1934149377593361
Wuppertal,2021,0.2255850622406639
Wuppertal,2022,0.2264705882352941
Wuppertal,2023,0.2244149377593361
Wuppertal,2024,0.2938921161825726
Wuppertal,2025,0.2515269709543568
Würzburg,2013,0.2008215767634855
Würzburg,2014,0.2336470588235294
Würzburg,2015,0.1939875518672199
Würzburg,2016,0.2069356846473029
Würzburg,2017,0.1811867219917012
Würzburg,2018,0.2126176470588235
Würzburg,2019,0.2782549019607843
Würzburg,2020,0.2399128630705394
Würzburg,2021,0.2591908713692946
Würzburg,2022,0.3627843137254902
Würzburg,2023,0.2274439834024896
Würzburg,2024,0.252
Würzburg,2025,0.2895882352941176
Zella-Mehlis,2007,0.981
Zella-Mehlis,2008,0.2337058823529411
Zella-Mehlis,2009,0.2340788381742738
Zella-Mehlis,2010,0.3689019607843137
Zella-Mehlis,2011,0.2012124183006536
Zella-Mehlis,2012,0.3218713692946058
Zella-Mehlis,2013,0.2663112033195021
Zella-Mehlis,2014,0.2273983402489626
Zella-Mehlis,2015,0.395830065359477
Zella-Mehlis,2016,0.2954509803921568
Zella-Mehlis,2017,0.2299108910891089
Zella-Mehlis,2018,0.2011369294605809
Zierenberg,2023,0.2611227722772277
Zierenberg,2024,0.2320392156862745
Zierenberg,2025,0.2503137254901961
Zingst,2024,0.315672263681592
Zingst,2025,0.2147717842323651
Zittau,2021,0.2294066390041493
Zittau,2022,0.3486470588235293
Zittau,2023,0.2188257261410788
Zittau,2024,0.2621372549019607
