City,State,Year,Linke,Gruene,SPD,FDP,CDU,AfD,Others,left_coalition,right_coalition,left_dominated,others_dominated,Air Quality Station EoI Code,Air Pollutant,Air Pollution Level,Unit Of Air Pollution Level,Air Quality Station Type,Air Quality Station Area,District,Normalized Pollution Level,majority
Berlin,BE,1999,19.526627218934912,10.650887573964498,24.85207100591716,0.0,44.97041420118343,0.0,0.0,55.02958579881657,44.97041420118343,True,False,DEBE044,CO,0.428,mg/m3,Traffic,urban,Berlin,0.1355296080066722,L
Berlin,BE,1999,19.526627218934912,10.650887573964498,24.85207100591716,0.0,44.97041420118343,0.0,0.0,55.02958579881657,44.97041420118343,True,False,DEBE064,CO,1.439,mg/m3,Traffic,urban,Berlin,0.5571309424520434,L
Berlin,BE,1999,19.526627218934912,10.650887573964498,24.85207100591716,0.0,44.97041420118343,0.0,0.0,55.02958579881657,44.97041420118343,True,False,DEBE010,CO,0.529,mg/m3,Background,urban,Berlin,0.1776480400333611,L
Berlin,BE,1999,19.526627218934912,10.650887573964498,24.85207100591716,0.0,44.97041420118343,0.0,0.0,55.02958579881657,44.97041420118343,True,False,DEBE026,CO,0.35,mg/m3,Industrial,rural,Berlin,0.1030025020850709,L
Berlin,BE,1999,19.526627218934912,10.650887573964498,24.85207100591716,0.0,44.97041420118343,0.0,0.0,55.02958579881657,44.97041420118343,True,False,DEBE015,CO,0.481,mg/m3,Traffic,urban,Berlin,0.1576313594662218,L
Berlin,BE,1999,19.526627218934912,10.650887573964498,24.85207100591716,0.0,44.97041420118343,0.0,0.0,55.02958579881657,44.97041420118343,True,False,DEBE063,CO,1.981,mg/m3,Traffic,urban,Berlin,0.7831526271893245,L
Berlin,BE,1999,19.526627218934912,10.650887573964498,24.85207100591716,0.0,44.97041420118343,0.0,0.0,55.02958579881657,44.97041420118343,True,False,DEBE018,CO,0.356,mg/m3,Background,urban,Berlin,0.1055045871559633,L
Berlin,BE,1999,19.526627218934912,10.650887573964498,24.85207100591716,0.0,44.97041420118343,0.0,0.0,55.02958579881657,44.97041420118343,True,False,DEBE011,CO,0.257,mg/m3,Traffic,suburban,Berlin,0.0642201834862385,L
Berlin,BE,1999,19.526627218934912,10.650887573964498,24.85207100591716,0.0,44.97041420118343,0.0,0.0,55.02958579881657,44.97041420118343,True,False,DEBE027,CO,0.173,mg/m3,Industrial,rural,Berlin,0.0291909924937447,L
Berlin,BE,1999,19.526627218934912,10.650887573964498,24.85207100591716,0.0,44.97041420118343,0.0,0.0,55.02958579881657,44.97041420118343,True,False,DEBE057,CO,0.659,mg/m3,Traffic,suburban,Berlin,0.23185988323603,L
Berlin,BE,1999,19.526627218934912,10.650887573964498,24.85207100591716,0.0,44.97041420118343,0.0,0.0,55.02958579881657,44.97041420118343,True,False,DEBE034,CO,0.498,mg/m3,Background,urban,Berlin,0.164720600500417,L
Berlin,BE,1999,19.526627218934912,10.650887573964498,24.85207100591716,0.0,44.97041420118343,0.0,0.0,55.02958579881657,44.97041420118343,True,False,DEBE032,CO,0.152,mg/m3,Background,rural,Berlin,0.0204336947456213,L
Berlin,BE,1999,19.526627218934912,10.650887573964498,24.85207100591716,0.0,44.97041420118343,0.0,0.0,55.02958579881657,44.97041420118343,True,False,DEBE014,CO,0.734,mg/m3,Traffic,urban,Berlin,0.2631359466221852,L
Berlin,BE,1999,19.526627218934912,10.650887573964498,24.85207100591716,0.0,44.97041420118343,0.0,0.0,55.02958579881657,44.97041420118343,True,False,DEBE005,CO,0.325,mg/m3,Background,suburban,Berlin,0.0925771476230192,L
Berlin,BE,1999,19.526627218934912,10.650887573964498,24.85207100591716,0.0,44.97041420118343,0.0,0.0,55.02958579881657,44.97041420118343,True,False,DEBE061,CO,1.468,mg/m3,Traffic,urban,Berlin,0.5692243536280234,L
Berlin,BE,1999,19.526627218934912,10.650887573964498,24.85207100591716,0.0,44.97041420118343,0.0,0.0,55.02958579881657,44.97041420118343,True,False,DEBE065,CO,0.933,mg/m3,Traffic,urban,Berlin,0.3461217681401168,L
Berlin,BE,1999,19.526627218934912,10.650887573964498,24.85207100591716,0.0,44.97041420118343,0.0,0.0,55.02958579881657,44.97041420118343,True,False,DEBE065,CO,0.933,mg/m3,Traffic,urban,Berlin,0.3461217681401168,L
Berlin,BE,2000,19.526627218934912,10.650887573964498,24.85207100591716,0.0,44.97041420118343,0.0,0.0,55.02958579881657,44.97041420118343,True,False,DEBE061,CO,1.424,mg/m3,Traffic,urban,Berlin,0.8299620733249051,L
Berlin,BE,2000,19.526627218934912,10.650887573964498,24.85207100591716,0.0,44.97041420118343,0.0,0.0,55.02958579881657,44.97041420118343,True,False,DEBE044,CO,0.471,mg/m3,Traffic,urban,Berlin,0.2275600505689001,L
Berlin,BE,2000,19.526627218934912,10.650887573964498,24.85207100591716,0.0,44.97041420118343,0.0,0.0,55.02958579881657,44.97041420118343,True,False,DEBE010,CO,0.572,mg/m3,Background,urban,Berlin,0.2914032869785082,L
Berlin,BE,2000,19.526627218934912,10.650887573964498,24.85207100591716,0.0,44.97041420118343,0.0,0.0,55.02958579881657,44.97041420118343,True,False,DEBE011,CO,0.238,mg/m3,Traffic,suburban,Berlin,0.0802781289506953,L
Berlin,BE,2000,19.526627218934912,10.650887573964498,24.85207100591716,0.0,44.97041420118343,0.0,0.0,55.02958579881657,44.97041420118343,True,False,DEBE018,CO,0.344,mg/m3,Background,urban,Berlin,0.1472819216182047,L
Berlin,BE,2000,19.526627218934912,10.650887573964498,24.85207100591716,0.0,44.97041420118343,0.0,0.0,55.02958579881657,44.97041420118343,True,False,DEBE066,CO,0.251,mg/m3,Background,urban,Berlin,0.0884955752212389,L
Berlin,BE,2000,19.526627218934912,10.650887573964498,24.85207100591716,0.0,44.97041420118343,0.0,0.0,55.02958579881657,44.97041420118343,True,False,DEBE015,CO,0.512,mg/m3,Traffic,urban,Berlin,0.2534766118836915,L
Berlin,BE,2000,19.526627218934912,10.650887573964498,24.85207100591716,0.0,44.97041420118343,0.0,0.0,55.02958579881657,44.97041420118343,True,False,DEBE026,CO,0.419,mg/m3,Industrial,rural,Berlin,0.1946902654867256,L
Berlin,BE,2000,19.526627218934912,10.650887573964498,24.85207100591716,0.0,44.97041420118343,0.0,0.0,55.02958579881657,44.97041420118343,True,False,DEBE005,CO,0.423,mg/m3,Background,suburban,Berlin,0.1972187104930467,L
Berlin,BE,2000,19.526627218934912,10.650887573964498,24.85207100591716,0.0,44.97041420118343,0.0,0.0,55.02958579881657,44.97041420118343,True,False,DEBE032,CO,0.15,mg/m3,Background,rural,Berlin,0.0246523388116308,L
Berlin,BE,2000,19.526627218934912,10.650887573964498,24.85207100591716,0.0,44.97041420118343,0.0,0.0,55.02958579881657,44.97041420118343,True,False,DEBE014,CO,0.658,mg/m3,Traffic,urban,Berlin,0.3457648546144121,L
Berlin,BE,2000,19.526627218934912,10.650887573964498,24.85207100591716,0.0,44.97041420118343,0.0,0.0,55.02958579881657,44.97041420118343,True,False,DEBE034,CO,0.474,mg/m3,Background,urban,Berlin,0.2294563843236409,L
Berlin,BE,2000,19.526627218934912,10.650887573964498,24.85207100591716,0.0,44.97041420118343,0.0,0.0,55.02958579881657,44.97041420118343,True,False,DEBE064,CO,1.37,mg/m3,Traffic,urban,Berlin,0.7958280657395702,L
Berlin,BE,2000,19.526627218934912,10.650887573964498,24.85207100591716,0.0,44.97041420118343,0.0,0.0,55.02958579881657,44.97041420118343,True,False,DEBE063,CO,1.693,mg/m3,Traffic,urban,Berlin,1.0,L
Berlin,BE,2000,19.526627218934912,10.650887573964498,24.85207100591716,0.0,44.97041420118343,0.0,0.0,55.02958579881657,44.97041420118343,True,False,DEBE062,CO,0.227,mg/m3,Background,rural,Berlin,0.0733249051833122,L
Berlin,BE,2000,19.526627218934912,10.650887573964498,24.85207100591716,0.0,44.97041420118343,0.0,0.0,55.02958579881657,44.97041420118343,True,False,DEBE027,CO,0.16,mg/m3,Industrial,rural,Berlin,0.0309734513274336,L
Berlin,BE,2000,19.526627218934912,10.650887573964498,24.85207100591716,0.0,44.97041420118343,0.0,0.0,55.02958579881657,44.97041420118343,True,False,DEBE065,CO,0.696,mg/m3,Traffic,urban,Berlin,0.3697850821744626,L
Berlin,BE,2000,19.526627218934912,10.650887573964498,24.85207100591716,0.0,44.97041420118343,0.0,0.0,55.02958579881657,44.97041420118343,True,False,DEBE065,CO,0.696,mg/m3,Traffic,urban,Berlin,0.3697850821744626,L
Berlin,BE,2001,23.404255319148938,9.929078014184398,31.20567375886525,10.638297872340424,24.822695035460992,0.0,0.0,64.53900709219859,35.46099290780141,True,False,DEBE034,CO,0.349,mg/m3,Background,urban,Berlin,0.1926458832933653,L
Berlin,BE,2001,23.404255319148938,9.929078014184398,31.20567375886525,10.638297872340424,24.822695035460992,0.0,0.0,64.53900709219859,35.46099290780141,True,False,DEBE066,CO,0.288,mg/m3,Background,urban,Berlin,0.1438848920863309,L
Berlin,BE,2001,23.404255319148938,9.929078014184398,31.20567375886525,10.638297872340424,24.822695035460992,0.0,0.0,64.53900709219859,35.46099290780141,True,False,DEBE064,CO,1.241,mg/m3,Traffic,urban,Berlin,0.9056754596322942,L
Berlin,BE,2001,23.404255319148938,9.929078014184398,31.20567375886525,10.638297872340424,24.822695035460992,0.0,0.0,64.53900709219859,35.46099290780141,True,False,DEBE005,CO,0.285,mg/m3,Background,suburban,Berlin,0.1414868105515587,L
Berlin,BE,2001,23.404255319148938,9.929078014184398,31.20567375886525,10.638297872340424,24.822695035460992,0.0,0.0,64.53900709219859,35.46099290780141,True,False,DEBE027,CO,0.184,mg/m3,Industrial,rural,Berlin,0.0607513988808952,L
Berlin,BE,2001,23.404255319148938,9.929078014184398,31.20567375886525,10.638297872340424,24.822695035460992,0.0,0.0,64.53900709219859,35.46099290780141,True,False,DEBE014,CO,0.684,mg/m3,Traffic,urban,Berlin,0.4604316546762591,L
Berlin,BE,2001,23.404255319148938,9.929078014184398,31.20567375886525,10.638297872340424,24.822695035460992,0.0,0.0,64.53900709219859,35.46099290780141,True,False,DEBE015,CO,0.459,mg/m3,Traffic,urban,Berlin,0.2805755395683453,L
Berlin,BE,2001,23.404255319148938,9.929078014184398,31.20567375886525,10.638297872340424,24.822695035460992,0.0,0.0,64.53900709219859,35.46099290780141,True,False,DEBE018,CO,0.331,mg/m3,Background,urban,Berlin,0.1782573940847322,L
Berlin,BE,2001,23.404255319148938,9.929078014184398,31.20567375886525,10.638297872340424,24.822695035460992,0.0,0.0,64.53900709219859,35.46099290780141,True,False,DEBE062,CO,0.164,mg/m3,Background,rural,Berlin,0.0447641886490807,L
Berlin,BE,2001,23.404255319148938,9.929078014184398,31.20567375886525,10.638297872340424,24.822695035460992,0.0,0.0,64.53900709219859,35.46099290780141,True,False,DEBE026,CO,0.411,mg/m3,Industrial,rural,Berlin,0.2422062350119904,L
Berlin,BE,2001,23.404255319148938,9.929078014184398,31.20567375886525,10.638297872340424,24.822695035460992,0.0,0.0,64.53900709219859,35.46099290780141,True,False,DEBE032,CO,0.191,mg/m3,Background,rural,Berlin,0.0663469224620303,L
Berlin,BE,2001,23.404255319148938,9.929078014184398,31.20567375886525,10.638297872340424,24.822695035460992,0.0,0.0,64.53900709219859,35.46099290780141,True,False,DEBE010,CO,0.561,mg/m3,Background,urban,Berlin,0.3621103117505996,L
Berlin,BE,2001,23.404255319148938,9.929078014184398,31.20567375886525,10.638297872340424,24.822695035460992,0.0,0.0,64.53900709219859,35.46099290780141,True,False,DEBE063,CO,1.359,mg/m3,Traffic,urban,Berlin,1.0,L
Berlin,BE,2001,23.404255319148938,9.929078014184398,31.20567375886525,10.638297872340424,24.822695035460992,0.0,0.0,64.53900709219859,35.46099290780141,True,False,DEBE011,CO,0.279,mg/m3,Traffic,suburban,Berlin,0.1366906474820144,L
Berlin,BE,2001,23.404255319148938,9.929078014184398,31.20567375886525,10.638297872340424,24.822695035460992,0.0,0.0,64.53900709219859,35.46099290780141,True,False,DEBE044,CO,0.361,mg/m3,Traffic,urban,Berlin,0.202238209432454,L
Berlin,BE,2001,23.404255319148938,9.929078014184398,31.20567375886525,10.638297872340424,24.822695035460992,0.0,0.0,64.53900709219859,35.46099290780141,True,False,DEBE065,CO,0.7,mg/m3,Traffic,urban,Berlin,0.4732214228617106,L
Berlin,BE,2001,23.404255319148938,9.929078014184398,31.20567375886525,10.638297872340424,24.822695035460992,0.0,0.0,64.53900709219859,35.46099290780141,True,False,DEBE065,CO,0.7,mg/m3,Traffic,urban,Berlin,0.4732214228617106,L
Berlin,BE,2001,23.404255319148938,9.929078014184398,31.20567375886525,10.638297872340424,24.822695035460992,0.0,0.0,64.53900709219859,35.46099290780141,True,False,DEBE061,CO,1.23,mg/m3,Traffic,urban,Berlin,0.8968824940047961,L
Berlin,BE,2002,23.404255319148938,9.929078014184398,31.20567375886525,10.638297872340424,24.822695035460992,0.0,0.0,64.53900709219859,35.46099290780141,True,False,DEBE063,CO,1.136,mg/m3,Traffic,urban,Berlin,0.8875536480686695,L
Berlin,BE,2002,23.404255319148938,9.929078014184398,31.20567375886525,10.638297872340424,24.822695035460992,0.0,0.0,64.53900709219859,35.46099290780141,True,False,DEBE062,CO,0.102,mg/m3,Background,rural,Berlin,0.0,L
Berlin,BE,2002,23.404255319148938,9.929078014184398,31.20567375886525,10.638297872340424,24.822695035460992,0.0,0.0,64.53900709219859,35.46099290780141,True,False,DEBE027,CO,0.105,mg/m3,Industrial,rural,Berlin,0.0025751072961373,L
Berlin,BE,2002,23.404255319148938,9.929078014184398,31.20567375886525,10.638297872340424,24.822695035460992,0.0,0.0,64.53900709219859,35.46099290780141,True,False,DEBE034,CO,0.138,mg/m3,Background,urban,Berlin,0.030901287553648,L
Berlin,BE,2002,23.404255319148938,9.929078014184398,31.20567375886525,10.638297872340424,24.822695035460992,0.0,0.0,64.53900709219859,35.46099290780141,True,False,DEBE066,CO,0.133,mg/m3,Background,urban,Berlin,0.0266094420600858,L
Berlin,BE,2002,23.404255319148938,9.929078014184398,31.20567375886525,10.638297872340424,24.822695035460992,0.0,0.0,64.53900709219859,35.46099290780141,True,False,DEBE032,CO,0.107,mg/m3,Background,rural,Berlin,0.0042918454935622,L
Berlin,BE,2002,23.404255319148938,9.929078014184398,31.20567375886525,10.638297872340424,24.822695035460992,0.0,0.0,64.53900709219859,35.46099290780141,True,False,DEBE010,CO,0.176,mg/m3,Background,urban,Berlin,0.063519313304721,L
Berlin,BE,2002,23.404255319148938,9.929078014184398,31.20567375886525,10.638297872340424,24.822695035460992,0.0,0.0,64.53900709219859,35.46099290780141,True,False,DEBE014,CO,0.383,mg/m3,Traffic,urban,Berlin,0.2412017167381974,L
Berlin,BE,2002,23.404255319148938,9.929078014184398,31.20567375886525,10.638297872340424,24.822695035460992,0.0,0.0,64.53900709219859,35.46099290780141,True,False,DEBE064,CO,0.952,mg/m3,Traffic,urban,Berlin,0.7296137339055795,L
Berlin,BE,2002,23.404255319148938,9.929078014184398,31.20567375886525,10.638297872340424,24.822695035460992,0.0,0.0,64.53900709219859,35.46099290780141,True,False,DEBE065,CO,0.477,mg/m3,Traffic,urban,Berlin,0.3218884120171674,L
Berlin,BE,2002,23.404255319148938,9.929078014184398,31.20567375886525,10.638297872340424,24.822695035460992,0.0,0.0,64.53900709219859,35.46099290780141,True,False,DEBE061,CO,0.807,mg/m3,Traffic,urban,Berlin,0.6051502145922748,L
Berlin,BE,2002,23.404255319148938,9.929078014184398,31.20567375886525,10.638297872340424,24.822695035460992,0.0,0.0,64.53900709219859,35.46099290780141,True,False,DEBE065,CO,0.477,mg/m3,Traffic,urban,Berlin,0.3218884120171674,L
Berlin,BE,2003,23.404255319148938,9.929078014184398,31.20567375886525,10.638297872340424,24.822695035460992,0.0,0.0,64.53900709219859,35.46099290780141,True,False,DEBE034,CO,0.147,mg/m3,Background,urban,Berlin,0.0379188712522045,L
Berlin,BE,2003,23.404255319148938,9.929078014184398,31.20567375886525,10.638297872340424,24.822695035460992,0.0,0.0,64.53900709219859,35.46099290780141,True,False,DEBE068,CO,0.127,mg/m3,Background,urban,Berlin,0.0202821869488536,L
Berlin,BE,2003,23.404255319148938,9.929078014184398,31.20567375886525,10.638297872340424,24.822695035460992,0.0,0.0,64.53900709219859,35.46099290780141,True,False,DEBE063,CO,1.165,mg/m3,Traffic,urban,Berlin,0.935626102292769,L
Berlin,BE,2003,23.404255319148938,9.929078014184398,31.20567375886525,10.638297872340424,24.822695035460992,0.0,0.0,64.53900709219859,35.46099290780141,True,False,DEBE027,CO,0.106,mg/m3,Industrial,rural,Berlin,0.001763668430335,L
Berlin,BE,2003,23.404255319148938,9.929078014184398,31.20567375886525,10.638297872340424,24.822695035460992,0.0,0.0,64.53900709219859,35.46099290780141,True,False,DEBE066,CO,0.137,mg/m3,Background,urban,Berlin,0.0291005291005291,L
Berlin,BE,2003,23.404255319148938,9.929078014184398,31.20567375886525,10.638297872340424,24.822695035460992,0.0,0.0,64.53900709219859,35.46099290780141,True,False,DEBE014,CO,0.301,mg/m3,Traffic,urban,Berlin,0.173721340388007,L
Berlin,BE,2003,23.404255319148938,9.929078014184398,31.20567375886525,10.638297872340424,24.822695035460992,0.0,0.0,64.53900709219859,35.46099290780141,True,False,DEBE032,CO,0.105,mg/m3,Background,rural,Berlin,0.0008818342151675,L
Berlin,BE,2003,23.404255319148938,9.929078014184398,31.20567375886525,10.638297872340424,24.822695035460992,0.0,0.0,64.53900709219859,35.46099290780141,True,False,DEBE010,CO,0.158,mg/m3,Background,urban,Berlin,0.0476190476190476,L
Berlin,BE,2003,23.404255319148938,9.929078014184398,31.20567375886525,10.638297872340424,24.822695035460992,0.0,0.0,64.53900709219859,35.46099290780141,True,False,DEBE064,CO,0.895,mg/m3,Traffic,urban,Berlin,0.697530864197531,L
Berlin,BE,2003,23.404255319148938,9.929078014184398,31.20567375886525,10.638297872340424,24.822695035460992,0.0,0.0,64.53900709219859,35.46099290780141,True,False,DEBE062,CO,0.104,mg/m3,Background,rural,Berlin,0.0,L
Berlin,BE,2003,23.404255319148938,9.929078014184398,31.20567375886525,10.638297872340424,24.822695035460992,0.0,0.0,64.53900709219859,35.46099290780141,True,False,DEBE061,CO,0.816,mg/m3,Traffic,urban,Berlin,0.6278659611992946,L
Berlin,BE,2003,23.404255319148938,9.929078014184398,31.20567375886525,10.638297872340424,24.822695035460992,0.0,0.0,64.53900709219859,35.46099290780141,True,False,DEBE065,CO,0.455,mg/m3,Traffic,urban,Berlin,0.3095238095238096,L
Berlin,BE,2003,23.404255319148938,9.929078014184398,31.20567375886525,10.638297872340424,24.822695035460992,0.0,0.0,64.53900709219859,35.46099290780141,True,False,DEBE065,CO,0.455,mg/m3,Traffic,urban,Berlin,0.3095238095238096,L
Berlin,BE,2004,23.404255319148938,9.929078014184398,31.20567375886525,10.638297872340424,24.822695035460992,0.0,0.0,64.53900709219859,35.46099290780141,True,False,DEBE064,CO,1.113,mg/m3,Traffic,urban,Berlin,1.0,L
Berlin,BE,2004,23.404255319148938,9.929078014184398,31.20567375886525,10.638297872340424,24.822695035460992,0.0,0.0,64.53900709219859,35.46099290780141,True,False,DEBE062,CO,0.115,mg/m3,Background,rural,Berlin,0.0109018830525272,L
Berlin,BE,2004,23.404255319148938,9.929078014184398,31.20567375886525,10.638297872340424,24.822695035460992,0.0,0.0,64.53900709219859,35.46099290780141,True,False,DEBE027,CO,0.105,mg/m3,Industrial,rural,Berlin,0.0009910802775024,L
Berlin,BE,2004,23.404255319148938,9.929078014184398,31.20567375886525,10.638297872340424,24.822695035460992,0.0,0.0,64.53900709219859,35.46099290780141,True,False,DEBE034,CO,0.127,mg/m3,Background,urban,Berlin,0.0227948463825569,L
Berlin,BE,2004,23.404255319148938,9.929078014184398,31.20567375886525,10.638297872340424,24.822695035460992,0.0,0.0,64.53900709219859,35.46099290780141,True,False,DEBE014,CO,0.198,mg/m3,Traffic,urban,Berlin,0.0931615460852329,L
Berlin,BE,2004,23.404255319148938,9.929078014184398,31.20567375886525,10.638297872340424,24.822695035460992,0.0,0.0,64.53900709219859,35.46099290780141,True,False,DEBE063,CO,1.086,mg/m3,Traffic,urban,Berlin,0.9732408325074332,L
Berlin,BE,2004,23.404255319148938,9.929078014184398,31.20567375886525,10.638297872340424,24.822695035460992,0.0,0.0,64.53900709219859,35.46099290780141,True,False,DEBE068,CO,0.127,mg/m3,Background,urban,Berlin,0.0227948463825569,L
Berlin,BE,2004,23.404255319148938,9.929078014184398,31.20567375886525,10.638297872340424,24.822695035460992,0.0,0.0,64.53900709219859,35.46099290780141,True,False,DEBE066,CO,0.117,mg/m3,Background,urban,Berlin,0.0128840436075322,L
Berlin,BE,2004,23.404255319148938,9.929078014184398,31.20567375886525,10.638297872340424,24.822695035460992,0.0,0.0,64.53900709219859,35.46099290780141,True,False,DEBE010,CO,0.137,mg/m3,Background,urban,Berlin,0.0327056491575817,L
Berlin,BE,2004,23.404255319148938,9.929078014184398,31.20567375886525,10.638297872340424,24.822695035460992,0.0,0.0,64.53900709219859,35.46099290780141,True,False,DEBE032,CO,0.104,mg/m3,Background,rural,Berlin,0.0,L
Berlin,BE,2004,23.404255319148938,9.929078014184398,31.20567375886525,10.638297872340424,24.822695035460992,0.0,0.0,64.53900709219859,35.46099290780141,True,False,DEBE065,CO,0.366,mg/m3,Traffic,urban,Berlin,0.2596630327056492,L
Berlin,BE,2004,23.404255319148938,9.929078014184398,31.20567375886525,10.638297872340424,24.822695035460992,0.0,0.0,64.53900709219859,35.46099290780141,True,False,DEBE061,CO,0.731,mg/m3,Traffic,urban,Berlin,0.6214073339940536,L
Berlin,BE,2004,23.404255319148938,9.929078014184398,31.20567375886525,10.638297872340424,24.822695035460992,0.0,0.0,64.53900709219859,35.46099290780141,True,False,DEBE065,CO,0.366,mg/m3,Traffic,urban,Berlin,0.2596630327056492,L
Berlin,BE,2005,23.404255319148938,9.929078014184398,31.20567375886525,10.638297872340424,24.822695035460992,0.0,0.0,64.53900709219859,35.46099290780141,True,False,DEBE067,CO,0.161,mg/m3,Traffic,urban,Berlin,0.0672645739910313,L
Berlin,BE,2005,23.404255319148938,9.929078014184398,31.20567375886525,10.638297872340424,24.822695035460992,0.0,0.0,64.53900709219859,35.46099290780141,True,False,DEBE032,CO,0.101,mg/m3,Background,rural,Berlin,0.0,L
Berlin,BE,2005,23.404255319148938,9.929078014184398,31.20567375886525,10.638297872340424,24.822695035460992,0.0,0.0,64.53900709219859,35.46099290780141,True,False,DEBE010,CO,0.135,mg/m3,Background,urban,Berlin,0.0381165919282511,L
Berlin,BE,2005,23.404255319148938,9.929078014184398,31.20567375886525,10.638297872340424,24.822695035460992,0.0,0.0,64.53900709219859,35.46099290780141,True,False,DEBE068,CO,0.115,mg/m3,Background,urban,Berlin,0.0156950672645739,L
Berlin,BE,2005,23.404255319148938,9.929078014184398,31.20567375886525,10.638297872340424,24.822695035460992,0.0,0.0,64.53900709219859,35.46099290780141,True,False,DEBE034,CO,0.123,mg/m3,Background,urban,Berlin,0.0246636771300448,L
Berlin,BE,2005,23.404255319148938,9.929078014184398,31.20567375886525,10.638297872340424,24.822695035460992,0.0,0.0,64.53900709219859,35.46099290780141,True,False,DEBE027,CO,0.101,mg/m3,Industrial,rural,Berlin,0.0,L
Berlin,BE,2005,23.404255319148938,9.929078014184398,31.20567375886525,10.638297872340424,24.822695035460992,0.0,0.0,64.53900709219859,35.46099290780141,True,False,DEBE066,CO,0.123,mg/m3,Background,urban,Berlin,0.0246636771300448,L
Berlin,BE,2005,23.404255319148938,9.929078014184398,31.20567375886525,10.638297872340424,24.822695035460992,0.0,0.0,64.53900709219859,35.46099290780141,True,False,DEBE065,CO,0.295,mg/m3,Traffic,urban,Berlin,0.2174887892376681,L
Berlin,BE,2005,23.404255319148938,9.929078014184398,31.20567375886525,10.638297872340424,24.822695035460992,0.0,0.0,64.53900709219859,35.46099290780141,True,False,DEBE061,CO,0.654,mg/m3,Traffic,urban,Berlin,0.6199551569506727,L
Berlin,BE,2005,23.404255319148938,9.929078014184398,31.20567375886525,10.638297872340424,24.822695035460992,0.0,0.0,64.53900709219859,35.46099290780141,True,False,DEBE065,CO,0.295,mg/m3,Traffic,urban,Berlin,0.2174887892376681,L
Berlin,BE,2006,15.436241610738255,15.436241610738255,35.57046979865772,8.724832214765101,24.83221476510068,0.0,0.0,66.44295302013423,33.55704697986578,True,False,DEBE066,CO,0.145,mg/m3,Background,urban,Berlin,0.0452830188679245,L
Berlin,BE,2006,15.436241610738255,15.436241610738255,35.57046979865772,8.724832214765101,24.83221476510068,0.0,0.0,66.44295302013423,33.55704697986578,True,False,DEBE027,CO,0.112,mg/m3,Industrial,rural,Berlin,0.0037735849056603,L
Berlin,BE,2006,15.436241610738255,15.436241610738255,35.57046979865772,8.724832214765101,24.83221476510068,0.0,0.0,66.44295302013423,33.55704697986578,True,False,DEBE067,CO,0.172,mg/m3,Traffic,urban,Berlin,0.0792452830188679,L
Berlin,BE,2006,15.436241610738255,15.436241610738255,35.57046979865772,8.724832214765101,24.83221476510068,0.0,0.0,66.44295302013423,33.55704697986578,True,False,DEBE068,CO,0.132,mg/m3,Background,urban,Berlin,0.0289308176100629,L
Berlin,BE,2006,15.436241610738255,15.436241610738255,35.57046979865772,8.724832214765101,24.83221476510068,0.0,0.0,66.44295302013423,33.55704697986578,True,False,DEBE010,CO,0.142,mg/m3,Background,urban,Berlin,0.0415094339622641,L
Berlin,BE,2006,15.436241610738255,15.436241610738255,35.57046979865772,8.724832214765101,24.83221476510068,0.0,0.0,66.44295302013423,33.55704697986578,True,False,DEBE034,CO,0.14,mg/m3,Background,urban,Berlin,0.0389937106918239,L
Berlin,BE,2006,15.436241610738255,15.436241610738255,35.57046979865772,8.724832214765101,24.83221476510068,0.0,0.0,66.44295302013423,33.55704697986578,True,False,DEBE032,CO,0.109,mg/m3,Background,rural,Berlin,0.0,L
Berlin,BE,2006,15.436241610738255,15.436241610738255,35.57046979865772,8.724832214765101,24.83221476510068,0.0,0.0,66.44295302013423,33.55704697986578,True,False,DEBE061,CO,0.518,mg/m3,Traffic,urban,Berlin,0.5144654088050314,L
Berlin,BE,2006,15.436241610738255,15.436241610738255,35.57046979865772,8.724832214765101,24.83221476510068,0.0,0.0,66.44295302013423,33.55704697986578,True,False,DEBE065,CO,0.315,mg/m3,Traffic,urban,Berlin,0.2591194968553459,L
Berlin,BE,2006,15.436241610738255,15.436241610738255,35.57046979865772,8.724832214765101,24.83221476510068,0.0,0.0,66.44295302013423,33.55704697986578,True,False,DEBE065,CO,0.315,mg/m3,Traffic,urban,Berlin,0.2591194968553459,L
Berlin,BE,2007,15.436241610738255,15.436241610738255,35.57046979865772,8.724832214765101,24.83221476510068,0.0,0.0,66.44295302013423,33.55704697986578,True,False,DEBE061,CO,0.477,mg/m3,Traffic,urban,Berlin,0.4488095238095238,L
Berlin,BE,2007,15.436241610738255,15.436241610738255,35.57046979865772,8.724832214765101,24.83221476510068,0.0,0.0,66.44295302013423,33.55704697986578,True,False,DEBE066,CO,0.111,mg/m3,Background,urban,Berlin,0.013095238095238,L
Berlin,BE,2007,15.436241610738255,15.436241610738255,35.57046979865772,8.724832214765101,24.83221476510068,0.0,0.0,66.44295302013423,33.55704697986578,True,False,DEBE067,CO,0.118,mg/m3,Traffic,urban,Berlin,0.0214285714285714,L
Berlin,BE,2007,15.436241610738255,15.436241610738255,35.57046979865772,8.724832214765101,24.83221476510068,0.0,0.0,66.44295302013423,33.55704697986578,True,False,DEBE027,CO,0.1,mg/m3,Industrial,rural,Berlin,0.0,L
Berlin,BE,2007,15.436241610738255,15.436241610738255,35.57046979865772,8.724832214765101,24.83221476510068,0.0,0.0,66.44295302013423,33.55704697986578,True,False,DEBE010,CO,0.117,mg/m3,Background,urban,Berlin,0.0202380952380952,L
Berlin,BE,2007,15.436241610738255,15.436241610738255,35.57046979865772,8.724832214765101,24.83221476510068,0.0,0.0,66.44295302013423,33.55704697986578,True,False,DEBE034,CO,0.113,mg/m3,Background,urban,Berlin,0.0154761904761904,L
Berlin,BE,2007,15.436241610738255,15.436241610738255,35.57046979865772,8.724832214765101,24.83221476510068,0.0,0.0,66.44295302013423,33.55704697986578,True,False,DEBE068,CO,0.107,mg/m3,Background,urban,Berlin,0.0083333333333333,L
Berlin,BE,2007,15.436241610738255,15.436241610738255,35.57046979865772,8.724832214765101,24.83221476510068,0.0,0.0,66.44295302013423,33.55704697986578,True,False,DEBE032,CO,0.1,mg/m3,Background,rural,Berlin,0.0,L
Berlin,BE,2007,15.436241610738255,15.436241610738255,35.57046979865772,8.724832214765101,24.83221476510068,0.0,0.0,66.44295302013423,33.55704697986578,True,False,DEBE065,CO,0.275,mg/m3,Traffic,urban,Berlin,0.2083333333333333,L
Berlin,BE,2007,15.436241610738255,15.436241610738255,35.57046979865772,8.724832214765101,24.83221476510068,0.0,0.0,66.44295302013423,33.55704697986578,True,False,DEBE065,CO,0.275,mg/m3,Traffic,urban,Berlin,0.2083333333333333,L
Berlin,BE,2008,15.436241610738255,15.436241610738255,35.57046979865772,8.724832214765101,24.83221476510068,0.0,0.0,66.44295302013423,33.55704697986578,True,False,DEBE065,CO,0.171,mg/m3,Traffic,urban,Berlin,0.1139630390143737,L
Berlin,BE,2008,15.436241610738255,15.436241610738255,35.57046979865772,8.724832214765101,24.83221476510068,0.0,0.0,66.44295302013423,33.55704697986578,True,False,DEBE061,CO,0.3,mg/m3,Traffic,urban,Berlin,0.2464065708418891,L
Berlin,BE,2008,15.436241610738255,15.436241610738255,35.57046979865772,8.724832214765101,24.83221476510068,0.0,0.0,66.44295302013423,33.55704697986578,True,False,DEBE065,CO,0.171,mg/m3,Traffic,urban,Berlin,0.1139630390143737,L
Berlin,BE,2009,15.436241610738255,15.436241610738255,35.57046979865772,8.724832214765101,24.83221476510068,0.0,0.0,66.44295302013423,33.55704697986578,True,False,DEBE065,CO,0.501,mg/m3,Traffic,urban,Berlin,0.5087719298245614,L
Berlin,BE,2009,15.436241610738255,15.436241610738255,35.57046979865772,8.724832214765101,24.83221476510068,0.0,0.0,66.44295302013423,33.55704697986578,True,False,DEBE065,CO,0.501,mg/m3,Traffic,urban,Berlin,0.5087719298245614,L
Berlin,BE,2009,15.436241610738255,15.436241610738255,35.57046979865772,8.724832214765101,24.83221476510068,0.0,0.0,66.44295302013423,33.55704697986578,True,False,DEBE061,CO,0.57,mg/m3,Traffic,urban,Berlin,0.5894736842105264,L
Berlin,BE,2010,15.436241610738255,15.436241610738255,35.57046979865772,8.724832214765101,24.83221476510068,0.0,0.0,66.44295302013423,33.55704697986578,True,False,DEBE065,CO,0.486,mg/m3,Traffic,urban,Berlin,0.718978102189781,L
Berlin,BE,2010,15.436241610738255,15.436241610738255,35.57046979865772,8.724832214765101,24.83221476510068,0.0,0.0,66.44295302013423,33.55704697986578,True,False,DEBE065,CO,0.486,mg/m3,Traffic,urban,Berlin,0.718978102189781,L
Berlin,BE,2010,15.436241610738255,15.436241610738255,35.57046979865772,8.724832214765101,24.83221476510068,0.0,0.0,66.44295302013423,33.55704697986578,True,False,DEBE061,CO,0.536,mg/m3,Traffic,urban,Berlin,0.8102189781021898,L
Berlin,BE,2011,12.751677852348994,19.463087248322147,31.543624161073826,0.0,26.174496644295303,0.0,10.06711409395973,63.758389261744966,26.174496644295303,True,False,DEBE065,CO,0.496,mg/m3,Traffic,urban,Berlin,0.7510917030567685,L
Berlin,BE,2011,12.751677852348994,19.463087248322147,31.543624161073826,0.0,26.174496644295303,0.0,10.06711409395973,63.758389261744966,26.174496644295303,True,False,DEBE065,CO,0.496,mg/m3,Traffic,urban,Berlin,0.7510917030567685,L
Berlin,BE,2011,12.751677852348994,19.463087248322147,31.543624161073826,0.0,26.174496644295303,0.0,10.06711409395973,63.758389261744966,26.174496644295303,True,False,DEBE061,CO,0.501,mg/m3,Traffic,urban,Berlin,0.7620087336244542,L
Berlin,BE,2012,12.751677852348994,19.463087248322147,31.543624161073826,0.0,26.174496644295303,0.0,10.06711409395973,63.758389261744966,26.174496644295303,True,False,DEBE065,CO,0.461,mg/m3,Traffic,urban,Berlin,0.694835680751174,L
Berlin,BE,2012,12.751677852348994,19.463087248322147,31.543624161073826,0.0,26.174496644295303,0.0,10.06711409395973,63.758389261744966,26.174496644295303,True,False,DEBE061,CO,0.476,mg/m3,Traffic,urban,Berlin,0.7300469483568075,L
Berlin,BE,2012,12.751677852348994,19.463087248322147,31.543624161073826,0.0,26.174496644295303,0.0,10.06711409395973,63.758389261744966,26.174496644295303,True,False,DEBE065,CO,0.461,mg/m3,Traffic,urban,Berlin,0.694835680751174,L
Berlin,BE,2013,12.751677852348994,19.463087248322147,31.543624161073826,0.0,26.174496644295303,0.0,10.06711409395973,63.758389261744966,26.174496644295303,True,False,DEBE065,CO,0.419,mg/m3,Traffic,Urban,Berlin,0.4097633136094675,L
Berlin,BE,2013,12.751677852348994,19.463087248322147,31.543624161073826,0.0,26.174496644295303,0.0,10.06711409395973,63.758389261744966,26.174496644295303,True,False,DEBE061,CO,0.437,mg/m3,Traffic,Urban,Berlin,0.4363905325443788,L
Berlin,BE,2014,12.751677852348994,19.463087248322147,31.543624161073826,0.0,26.174496644295303,0.0,10.06711409395973,63.758389261744966,26.174496644295303,True,False,DEBE065,CO,0.443,mg/m3,Traffic,Urban,Berlin,0.6796460176991151,L
Berlin,BE,2014,12.751677852348994,19.463087248322147,31.543624161073826,0.0,26.174496644295303,0.0,10.06711409395973,63.758389261744966,26.174496644295303,True,False,DEBE061,CO,0.496,mg/m3,Traffic,Urban,Berlin,0.7734513274336284,L
Berlin,BE,2015,12.751677852348994,19.463087248322147,31.543624161073826,0.0,26.174496644295303,0.0,10.06711409395973,63.758389261744966,26.174496644295303,True,False,DEBE065,CO,0.399,mg/m3,Traffic,Urban,Berlin,0.6143790849673204,L
Berlin,BE,2015,12.751677852348994,19.463087248322147,31.543624161073826,0.0,26.174496644295303,0.0,10.06711409395973,63.758389261744966,26.174496644295303,True,False,DEBE061,CO,0.376,mg/m3,Traffic,Urban,Berlin,0.5642701525054467,L
Berlin,BE,2016,16.875,16.875,23.75,7.5,19.375,15.625,0.0,57.5,42.5,True,False,DEBE061,CO,0.42,mg/m3,Traffic,Urban,Berlin,0.6771084337349397,L
Berlin,BE,2016,16.875,16.875,23.75,7.5,19.375,15.625,0.0,57.5,42.5,True,False,DEBE065,CO,0.381,mg/m3,Traffic,Urban,Berlin,0.5831325301204818,L
Berlin,BE,2017,16.875,16.875,23.75,7.5,19.375,15.625,0.0,57.5,42.5,True,False,DEBE061,CO,0.387,mg/m3,Traffic,Urban,Berlin,0.6558891454965358,L
Berlin,BE,2017,16.875,16.875,23.75,7.5,19.375,15.625,0.0,57.5,42.5,True,False,DEBE065,CO,0.376,mg/m3,Traffic,Urban,Berlin,0.6304849884526559,L
Berlin,BE,2018,16.875,16.875,23.75,7.5,19.375,15.625,0.0,57.5,42.5,True,False,DEBE061,CO,0.371,mg/m3,Traffic,Urban,Berlin,0.586433260393873,L
Berlin,BE,2018,16.875,16.875,23.75,7.5,19.375,15.625,0.0,57.5,42.5,True,False,DEBE065,CO,0.357,mg/m3,Traffic,Urban,Berlin,0.5557986870897155,L
Berlin,BE,2019,16.875,16.875,23.75,7.5,19.375,15.625,0.0,57.5,42.5,True,False,DEBE061,CO,0.35,mg/m3,Traffic,Urban,Berlin,0.0019643355950224,L
Berlin,BE,2019,16.875,16.875,23.75,7.5,19.375,15.625,0.0,57.5,42.5,True,False,DEBE065,CO,0.348,mg/m3,Traffic,Urban,Berlin,0.0019463141675452,L
Berlin,BE,2020,16.875,16.875,23.75,7.5,19.375,15.625,0.0,57.5,42.5,True,False,DEBE065,CO,0.315,mg/m3,Traffic,Urban,Berlin,0.6712328767123288,L
Berlin,BE,2020,16.875,16.875,23.75,7.5,19.375,15.625,0.0,57.5,42.5,True,False,DEBE061,CO,0.321,mg/m3,Traffic,Urban,Berlin,0.6917808219178083,L
